-- phpMyAdmin SQL Dump
-- version 4.7.6
-- https://www.phpmyadmin.net/
--
-- Host: localhost
-- Waktu pembuatan: 28 Agu 2020 pada 14.17
-- Versi server: 10.1.29-MariaDB
-- Versi PHP: 7.2.0

SET SQL_MODE = "NO_AUTO_VALUE_ON_ZERO";
SET AUTOCOMMIT = 0;
START TRANSACTION;
SET time_zone = "+00:00";


/*!40101 SET @OLD_CHARACTER_SET_CLIENT=@@CHARACTER_SET_CLIENT */;
/*!40101 SET @OLD_CHARACTER_SET_RESULTS=@@CHARACTER_SET_RESULTS */;
/*!40101 SET @OLD_COLLATION_CONNECTION=@@COLLATION_CONNECTION */;
/*!40101 SET NAMES utf8mb4 */;

--
-- Database: `sia_rolas`
--

-- --------------------------------------------------------

--
-- Struktur dari tabel `m_detail_obat`
--

CREATE TABLE `m_detail_obat` (
  `id` int(11) NOT NULL,
  `id_obat` int(11) NOT NULL,
  `id_supplier` int(11) NOT NULL,
  `batch` varchar(10) NOT NULL,
  `tgl_pembelian` date NOT NULL,
  `exp_date` date NOT NULL,
  `harga_beli` int(8) DEFAULT '0',
  `qty` int(6) NOT NULL,
  `status` tinyint(1) NOT NULL
) ENGINE=InnoDB DEFAULT CHARSET=latin1;

--
-- Dumping data untuk tabel `m_detail_obat`
--

INSERT INTO `m_detail_obat` (`id`, `id_obat`, `id_supplier`, `batch`, `tgl_pembelian`, `exp_date`, `harga_beli`, `qty`, `status`) VALUES
(4, 1, 1, 'G129100', '2020-07-16', '2024-07-16', 5300, 0, 0),
(5, 1, 1, 'G129101', '2020-07-16', '2024-07-17', 5400, 128, 1),
(6, 2, 1, 'G129200', '2020-07-16', '2024-07-16', 10500, 69, 1),
(7, 3, 5, 'G129300', '2020-07-16', '2024-07-16', 7450, 69, 1),
(8, 3, 5, 'G129301', '2020-07-16', '2024-07-17', 7450, 50, 1),
(9, 1, 1, 'jshadj989', '2020-08-09', '2020-09-05', 5400, 10, 1),
(10, 1, 1, 'kjsdfhkj78', '2020-08-09', '2020-09-05', 5400, 10, 1),
(12, 1, 1, 'hjf6776', '2020-08-11', '2020-09-05', 5400, 10, 1),
(13, 2, 1, 'abcd123', '2020-08-11', '2020-10-15', 10500, 10, 1),
(14, 2, 1, 'mkli979', '2020-08-11', '2020-10-07', 10500, 10, 1),
(15, 2, 1, 'h8790', '2020-08-11', '2020-08-12', 10500, 8, 1),
(16, 3, 5, 'k906111', '2020-08-11', '2020-08-12', 7450, 7, 1),
(17, 3, 5, '12d211', '2020-08-11', '2020-08-20', 7450, 12, 1),
(18, 3, 5, '12aaaa', '2020-08-19', '2020-08-27', 7450, 12, 1),
(22, 5, 8, 'G124402', '2020-08-19', '2024-08-19', 32000, 300, 1),
(23, 4, 3, 'G127102', '2020-08-19', '2024-08-19', 8650, 500, 1),
(24, 3, 5, '12dd11', '2020-08-20', '2023-08-20', 7450, 2, 1),
(25, 4, 3, '120112', '2020-08-20', '2022-08-29', 8650, 6, 1),
(26, 1, 1, 'X21123', '2020-08-24', '2024-08-25', 5400, 10, 1),
(27, 5, 8, 'x819011', '2020-08-24', '2024-08-25', 32000, 7, 1),
(28, 3, 5, 'X910212', '2020-08-24', '2024-08-27', 7450, 8, 1),
(29, 4, 3, 'X761891', '2020-08-24', '2024-08-24', 8650, 5, 1),
(30, 2, 1, 'X251111', '2020-08-24', '2024-08-20', 10500, 2, 1),
(31, 5, 2, 'G129109', '2020-08-28', '2024-08-28', 1800, 100, 1);

--
-- Trigger `m_detail_obat`
--
DELIMITER $$
CREATE TRIGGER `m_detail_obat_after_delete` AFTER DELETE ON `m_detail_obat` FOR EACH ROW BEGIN
UPDATE m_obat SET total_qty = (SELECT SUM(qty) FROM m_detail_obat WHERE id_obat=OLD.id_obat) WHERE id=OLD.id_obat;
END
$$
DELIMITER ;
DELIMITER $$
CREATE TRIGGER `m_detail_obat_after_insert` AFTER INSERT ON `m_detail_obat` FOR EACH ROW BEGIN
UPDATE m_obat SET total_qty = (SELECT SUM(qty) FROM m_detail_obat WHERE id_obat=NEW.id_obat) WHERE id=NEW.id_obat;
END
$$
DELIMITER ;
DELIMITER $$
CREATE TRIGGER `m_detail_obat_after_update` AFTER UPDATE ON `m_detail_obat` FOR EACH ROW BEGIN
UPDATE m_obat SET total_qty = (SELECT SUM(qty) FROM m_detail_obat WHERE id_obat=OLD.id_obat) WHERE id=OLD.id_obat;
END
$$
DELIMITER ;

-- --------------------------------------------------------

--
-- Struktur dari tabel `m_dosis`
--

CREATE TABLE `m_dosis` (
  `id` int(11) NOT NULL,
  `konsumsi_obat` varchar(150) NOT NULL
) ENGINE=InnoDB DEFAULT CHARSET=latin1;

--
-- Dumping data untuk tabel `m_dosis`
--

INSERT INTO `m_dosis` (`id`, `konsumsi_obat`) VALUES
(1, '1x1 Sebelum Makan'),
(2, '1x1 Sesudah Makan'),
(3, '1x2 Sebelum Makan'),
(4, '1x2 Sesudah Makan'),
(5, '1x3 Sebelum Makan'),
(6, '1x3 Sesudah Makan');

-- --------------------------------------------------------

--
-- Struktur dari tabel `m_jabatan`
--

CREATE TABLE `m_jabatan` (
  `id` int(11) NOT NULL,
  `nama_jabatan` varchar(15) NOT NULL
) ENGINE=InnoDB DEFAULT CHARSET=latin1;

--
-- Dumping data untuk tabel `m_jabatan`
--

INSERT INTO `m_jabatan` (`id`, `nama_jabatan`) VALUES
(1, 'KEPALA APOTEK'),
(2, 'DOKTER'),
(3, 'PETUGAS APOTEK');

-- --------------------------------------------------------

--
-- Struktur dari tabel `m_obat`
--

CREATE TABLE `m_obat` (
  `id` int(11) NOT NULL,
  `kode_obat` varchar(15) NOT NULL,
  `nama_obat` varchar(50) NOT NULL,
  `total_qty` int(7) NOT NULL DEFAULT '0',
  `harga_jual` int(11) NOT NULL DEFAULT '0',
  `status` tinyint(1) NOT NULL DEFAULT '1'
) ENGINE=InnoDB DEFAULT CHARSET=latin1;

--
-- Dumping data untuk tabel `m_obat`
--

INSERT INTO `m_obat` (`id`, `kode_obat`, `nama_obat`, `total_qty`, `harga_jual`, `status`) VALUES
(1, 'REG.01.011', 'AMINOPHYLLIN  INJ', 168, 6000, 1),
(2, 'REG.01.019', 'ANTRAIN', 99, 11000, 1),
(3, 'REG.02.070', 'AQUA BIDEST', 160, 8000, 1),
(4, 'REG.01.444', 'BENODON INJ', 511, 0, 1),
(5, 'REG.01.087', 'CYANOCOBALAMIN', 407, 0, 1),
(6, 'REG.01.444', 'DECAMIDON INJ', 0, 0, 1),
(7, 'REG.01.094', 'DEXAMETHASON INJ', 0, 0, 1),
(8, 'REG.01.116', 'EPINEPRINE INJ', 0, 0, 1),
(9, 'REG.01.183', 'KANAMICIN  INJ', 0, 0, 1),
(10, 'REG.01.207', 'LIDOCAIN INJ', 0, 0, 1),
(11, 'REG.01.236', 'NEUROBION  INJ', 0, 0, 1),
(12, 'REG.01.431', 'NEUROSANBE INJ', 0, 0, 1),
(13, 'REG.01.244', 'NORAGES', 0, 0, 1),
(14, 'REG.01.247', 'NOVALDO INJ', 0, 0, 1),
(15, 'REG.03.785', 'ONDANCENTRON 4 MG  INJ', 0, 0, 1),
(16, 'REG.01.257', 'ONDANCENTRON 8 MG INJ', 0, 0, 1),
(17, 'REG.01.277', 'PEHACAIN INJ', 0, 0, 1),
(18, 'REG.01.303', 'RANITIDIN INJ', 0, 0, 1),
(19, 'REG.01.305', 'RECODRYL', 0, 0, 1),
(20, 'REG.01.325', 'SIDRIADRIL', 0, 0, 1),
(21, 'REG.01.346', 'TERAMICIN INJ', 0, 0, 1),
(22, 'REG.01.398', 'VIT B 1  INJ', 0, 0, 1),
(23, 'REG.01.396', 'VIT B COMP  INJ', 0, 0, 1),
(24, 'REG.02.633', 'PULMICORT', 0, 0, 1),
(25, 'REG.02.222', 'COMBIVENT', 0, 0, 1),
(26, 'REG.02.011', 'ALBOTHYL 10MG', 0, 0, 1),
(28, 'REG.02.020', 'ALKOHOL 70%', 0, 0, 1),
(29, 'REG.02.032', 'AMBROXOL SYR', 0, 0, 1),
(30, 'REG.02.051', 'AMPICILLIN SYR', 0, 0, 1),
(31, 'REG.02.053', 'ANATON SYR', 0, 0, 1),
(32, 'REG.02.055', 'ANTASIDA SYR', 0, 0, 1),
(33, 'REG.02.074', 'ASEPTIC GEL (REVIL)', 0, 0, 1),
(34, 'REG.02.104', 'BETADIN KUMUR', 0, 0, 1),
(35, 'REG.02.111', 'BIOLISIN ', 0, 0, 1),
(36, 'REG.02.883', 'BORAX GLICERIN', 0, 0, 1),
(37, 'REG.02.184', 'CD XITROL', 0, 0, 1),
(38, 'REG.02.185', 'CEFADROXIL SYR', 0, 0, 1),
(39, 'REG.02.189', 'CEFIXIME SYR', 0, 0, 1),
(40, 'REG.02.15', 'CHLORAMFENICHOL ', 0, 0, 1),
(41, 'REG.02.222', 'COMBIVEN', 0, 0, 1),
(42, 'REG.02.17', 'COTRIMOXAZOL SYR', 0, 0, 1),
(43, 'REG.02.248', 'DEKTROSE 5%', 0, 0, 1),
(44, 'REG.02.252', 'DEMACOLIN SYR', 0, 0, 1),
(45, 'REG.02.258', 'DEXTRAL SYR', 0, 0, 1),
(46, 'REG.02.274', 'DIONICHOL', 0, 0, 1),
(47, 'REG.02.275', 'DOMPERIDON SYR', 0, 0, 1),
(49, 'REG.02.895', 'ERLAMICETIN PLUS', 0, 0, 1),
(50, 'REG.02.293', 'ERLAMICETIN TT', 0, 0, 1),
(51, 'REG.02.904', 'ETHAFUSIN', 0, 0, 1),
(52, 'REG.02.316', 'FLUDEXIN ', 0, 0, 1),
(53, 'REG.02.343', 'GENTIAN VIOLET', 0, 0, 1),
(54, 'REG.02.362', 'GUANISTREP', 0, 0, 1),
(55, 'REG.02.372', 'HELIXIME', 0, 0, 1),
(56, 'REG.02.837', 'IBUPROFEN SYR', 0, 0, 1),
(57, 'REG.02.391', 'IMBOOST SYR', 0, 0, 1),
(58, 'REG.02.908', 'INFUSAN PZ', 0, 0, 1),
(59, 'REG.02.398', 'INSTO', 0, 0, 1),
(60, 'REG.02.438', 'KURKUMEX SYR', 0, 0, 1),
(61, 'REG.02.449', 'LASERIN', 0, 0, 1),
(62, 'REG.02.466', 'LYSOL', 0, 0, 1),
(63, 'REG.02.492', 'MKP 15ML (CAPLANG)', 0, 0, 1),
(64, 'REG.02.493', 'MKP 30ML ( CAPLANG)', 0, 0, 1),
(65, 'REG.02.934', 'MKP 60ML ( CAPLANG)', 0, 0, 1),
(66, 'REG.02.495', 'MKP CONICARE', 0, 0, 1),
(67, 'REG.02.540', 'NOVACHLOR ', 0, 0, 1),
(68, 'REG.02.935', 'NOVADRYL', 0, 0, 1),
(69, 'REG.02.936', 'NOVAGESIC SYR', 0, 0, 1),
(70, 'REG.02.542', 'NOVAMOX SYR', 0, 0, 1),
(71, 'REG.02.543', 'NOVATRIM', 0, 0, 1),
(72, 'REG.02.878', 'OBH COMBI BF DWS', 0, 0, 1),
(73, 'REG.02.549', 'OBH COMBI BERDAHAK', 0, 0, 1),
(74, 'REG.02.554', 'OBH ITRASAL', 0, 0, 1),
(75, 'REG.02.937', 'OMEDOM SYR', 0, 0, 1),
(76, 'REG.02.583', 'PACDIN SYR', 0, 0, 1),
(77, 'REG.02.591', 'PARACETAMOL SYR', 0, 0, 1),
(78, 'REG.02.598', 'PERHIODROL 3%', 0, 0, 1),
(79, 'REG.02.618', 'POVIDON 15ML', 0, 0, 1),
(80, 'REG.02.409', 'POVIDON 1L', 0, 0, 1),
(81, 'REG.02.412', 'POVIDON 60ML', 0, 0, 1),
(82, 'REG.02.630', 'PRORIS SYR', 0, 0, 1),
(83, 'REG.02.635', 'PZ 500ML', 0, 0, 1),
(84, 'REG.02.639', 'RECO TM', 0, 0, 1),
(85, 'REG.02.640', 'RECO TT', 0, 0, 1),
(86, 'REG.02.641', 'RECOVIT', 0, 0, 1),
(88, 'REG.02.660', 'RIVANOL 300ML', 0, 0, 1),
(89, 'REG.02.662', 'ROSADRIL', 0, 0, 1),
(90, 'REG.02.679', 'SANBEPLEX DROP', 0, 0, 1),
(91, 'REG.02.681', 'SANMOL DROP', 0, 0, 1),
(92, 'REG.02.683', 'SANMOL SYR', 0, 0, 1),
(93, 'REG.02.938', 'THIAMFILEX SYR', 0, 0, 1),
(94, 'REG.02.740', 'TELON LANG PLUS 60 ML', 0, 0, 1),
(95, 'REG.02.805', 'VISINE TM', 0, 0, 1),
(98, 'REG.02.432', 'KOMIX', 0, 0, 1),
(99, 'REG.02.381', 'HUFAGRIP FLU', 0, 0, 1),
(100, 'REG.02.380', 'HUFAGRIP BP', 0, 0, 1),
(101, 'REG.02.451', 'LAXADINE', 0, 0, 1),
(102, 'REG.02.706', 'SILADEX (HIJAU)', 0, 0, 1),
(103, 'REG.02.705', 'SILADEX (BIRU)', 0, 0, 1),
(104, 'REG.02.802', 'VIC FORMULA 44', 0, 0, 1),
(105, 'REG.02.516', 'MYLANTA', 0, 0, 1),
(106, 'REG.02.323', 'FRESCARE (FRUTY)', 0, 0, 1),
(107, 'REG.02.321', 'FRESCARE (SPORTS)', 0, 0, 1),
(108, 'REG.02.509', 'MTL KONICARE', 0, 0, 1),
(110, 'REG.02.489', 'MINYAK TELON 60 ML', 0, 0, 1),
(111, 'REG.02.436', 'KONVERMEX 125', 0, 0, 1),
(112, 'REG.02.437', 'KONVERMEX 250', 0, 0, 1),
(113, 'REG.02.755', 'TOLAK ANGIN DWS', 0, 0, 1),
(114, 'REG.02.753', 'TOLAK ANGIN ANAK', 0, 0, 1),
(115, 'REG.03.012', 'ACYCLOVIR 200 MG', 0, 0, 1),
(116, 'REG.03.013', 'ACYCLOVIR 400MG', 0, 0, 1),
(117, 'REG.03.2041', 'ALERGEN', 0, 0, 1),
(118, 'REG.03.024', 'ALLOPURINOL 100MG', 0, 0, 1),
(119, 'REG.03.025', 'ALLOPURINOL 300MG', 0, 0, 1),
(122, 'REG.03.033', 'ALPARA', 0, 0, 1),
(123, 'REG.03.2082', 'ALTRAN', 0, 0, 1),
(124, 'REG.03.043', 'AMBROXOL', 0, 0, 1),
(125, 'REG.03.049', 'AMLODIPIN 10MG', 0, 0, 1),
(127, 'REG.03.053', 'AMOXICILLIN', 0, 0, 1),
(128, 'REG.03.056', 'AMPICILLIN', 0, 0, 1),
(129, 'REG.03.046', 'AMYNOPHILLYN ', 0, 0, 1),
(130, 'REG.03.048', 'AMYTRIPTILYN', 0, 0, 1),
(131, 'REG.03.067', 'ANTALGIN', 0, 0, 1),
(133, 'REG.03.067', 'ANTALGIN FM', 0, 0, 1),
(134, 'REG.03.069', 'ANTASIDA DOEN', 0, 0, 1),
(135, 'REG.03.080', 'ASAM MEFENAMAT', 0, 0, 1),
(136, 'REG.03.081', 'ASAM TRANEXAMAT', 0, 0, 1),
(137, 'REG.03.2039', 'ASMA SOHO', 0, 0, 1),
(138, 'REG.03.085', 'ASPILET', 0, 0, 1),
(139, 'REG.03.108', 'BETAHISTIN ', 0, 0, 1),
(140, 'REG.03.118', 'BISOPROLOL', 0, 0, 1),
(142, 'REG.03.149', 'CAPSUL 00', 0, 0, 1),
(143, 'REG.03.153', 'CAPTOPRIL 25MG', 0, 0, 1),
(144, 'REG.03.167', 'CATAFLAM', 0, 0, 1),
(145, 'REG.03.168', 'CAVIPLEX', 0, 0, 1),
(146, 'REG.03.170', 'CEFADROXIL', 0, 0, 1),
(147, 'REG.03.175', 'CEFIXIME', 0, 0, 1),
(148, 'REG.03.193', 'CETIRIZINE', 0, 0, 1),
(149, 'REG.03.194', 'CHLORAMFENICHOL', 0, 0, 1),
(150, 'REG.03.201', 'CIMETIDIN', 0, 0, 1),
(151, 'REG.03.202', 'CIPROFLOXACIN', 0, 0, 1),
(152, 'REG.03.208', 'CLANEXSI', 0, 0, 1),
(153, 'REG.03.214', 'CLINDAMICIN 300MG', 0, 0, 1),
(154, 'REG.03.232', 'COMBANTRIN', 0, 0, 1),
(155, 'REG.03.242', 'CORTIDEX', 0, 0, 1),
(156, 'REG.02.245', 'COTRIMOXAZOL', 0, 0, 1),
(157, 'REG.03.262', 'DECOLGEN', 0, 0, 1),
(158, 'REG.03.263', 'DECOLSIN', 0, 0, 1),
(159, 'REG.03.265', 'DEHISTA', 0, 0, 1),
(160, 'REG.03.266', 'DEMACOLIN', 0, 0, 1),
(161, 'REG.03.272', 'DEXAMETHASON', 0, 0, 1),
(162, 'REG.03.276', 'DEXANTA', 0, 0, 1),
(163, 'REG.03.279', 'DEXTEEM PLUS', 0, 0, 1),
(164, 'REG.03.280', 'DEXTRAL ', 0, 0, 1),
(165, 'REG.03.281', 'DEXTRAL FORTE', 0, 0, 1),
(167, 'REG.03.296', 'DIMENHIDRINAT', 0, 0, 1),
(168, 'REG.02.274', 'DIONICHOL', 0, 0, 1),
(169, 'REG.03.310', 'DOMPERIDON', 0, 0, 1),
(170, 'REG.03.315', 'DULCOLAX', 0, 0, 1),
(172, 'REG.03.2081', 'ESTER C ( HOLISTICARE )', 0, 0, 1),
(173, 'REG.03.365', 'FG TROCHES', 0, 0, 1),
(175, 'REG.03.371', 'FITCOM GUMMY ', 0, 0, 1),
(176, 'REG.03.386', 'FLUDAN', 0, 0, 1),
(178, 'REG.03.390', 'FLUNARIZIN', 0, 0, 1),
(179, 'REG.03.395', 'FOLAVIT', 0, 0, 1),
(180, 'REG.03.397', 'FORBETES 500MG', 0, 0, 1),
(181, 'REG.03.403', 'FORMUNO', 0, 0, 1),
(184, 'REG.03.427', 'GEMFIBOZIL', 0, 0, 1),
(186, 'REG.03.434', 'GLIBENCLAMID', 0, 0, 1),
(187, 'REG.03.437', 'GLIMEPIRID 2MG', 0, 0, 1),
(188, 'REG.03.439', 'GLIMEPIRIDE 4MG', 0, 0, 1),
(189, 'REG.03.458', 'GRAFALIN ( SALBUTAMOL 2MG)', 0, 0, 1),
(190, 'REG.03.460', 'GRATHEOS (NA. DICKLO)', 0, 0, 1),
(191, 'REG.03.463', 'GRAVASK 10MG', 0, 0, 1),
(192, 'REG.03.464', 'GRAVASK 5MG', 0, 0, 1),
(193, 'REG.03.466', 'GRISEOSOFULFIN', 0, 0, 1),
(194, 'REG.03.473', 'HCT', 0, 0, 1),
(195, 'REG.03.506', 'IBUPROFEN ', 0, 0, 1),
(196, 'REG.03.505', 'IBUPROFEN 400MG', 0, 0, 1),
(197, 'REG.03.2082', 'IFISON ( PREDNISON )', 0, 0, 1),
(198, 'REG.03.508', 'IMBOOST', 0, 0, 1),
(199, 'REG.03.527', 'INTERHISTIN', 0, 0, 1),
(200, 'REG.03.550', 'ISDN', 0, 0, 1),
(201, 'REG.03.564', 'KALIUM DIKLOFENAC', 0, 0, 1),
(202, 'REG.03.579', 'KETOCONAZOL', 0, 0, 1),
(203, 'REG.03.581', 'KETOROLAC', 0, 0, 1),
(204, 'REG.03.591', 'KURKUMEX ', 0, 0, 1),
(205, 'REG.03.600', 'LANACER', 0, 0, 1),
(206, 'REG.03.621', 'LEXAPHARM (METOCLOR)', 0, 0, 1),
(207, 'REG.03.623', 'LICOBEVIT VIT B6', 0, 0, 1),
(208, 'REG.03.624', 'LICONAM VIT B6', 0, 0, 1),
(209, 'REG.03.635', 'LIVRON B PLEX', 0, 0, 1),
(210, 'REG.03.96', 'LOPERAMID', 0, 0, 1),
(211, 'REG.03.643', 'LORATADIN', 0, 0, 1),
(212, 'REG.03.654', 'MECOBALAMIN', 0, 0, 1),
(214, 'REG.03.657', 'MEFINTER', 0, 0, 1),
(215, 'REG.03.663', 'MELOXICAM 15MG', 0, 0, 1),
(216, 'REG.03.664', 'MELOXICAM 7,5MG', 0, 0, 1),
(217, 'REG.03.669', 'MERTIGO', 0, 0, 1),
(218, 'REG.03.670', 'METFORMIN', 0, 0, 1),
(219, 'REG.03.678', 'METHYLPREDNISOLON 4MG', 0, 0, 1),
(220, 'REG.02.682', 'METOCLORPERAMID', 0, 0, 1),
(221, 'REG.03.690', 'METRONIDAZOL', 0, 0, 1),
(222, 'REG.03.713', 'NATRIUM DIKLOFENAC', 0, 0, 1),
(223, 'REG.03.720', 'NEO NAPACIN', 0, 0, 1),
(224, 'REG.03.727', 'NEURALGIN', 0, 0, 1),
(225, 'REG.03.739', 'NEUROSANBE 1000', 0, 0, 1),
(226, 'REG.03.731', 'NEUROSANBE 5000', 0, 0, 1),
(227, 'REG.03.746', 'NEW DIATAB', 0, 0, 1),
(228, 'REG.03.750', 'NIFEDIPIN', 0, 0, 1),
(229, 'REG.03.758', 'NORPID 20MG', 0, 0, 1),
(230, 'REG.03.760', 'NOVABION', 0, 0, 1),
(231, 'REG.03.761', 'NOVABIOTIC(TETRASICLIN)', 0, 0, 1),
(232, 'REG.03.762', 'NOVAFLOX', 0, 0, 1),
(233, 'REG.03.763', 'NOVAKAL', 0, 0, 1),
(234, 'REG.03.766', 'NOVAMOX', 0, 0, 1),
(236, 'REG.03.767', 'NOVASTAN', 0, 0, 1),
(237, 'REG.03.774', 'NYSTATIN', 0, 0, 1),
(238, 'REG.03.775', 'NYSTATIN VAGINAL', 0, 0, 1),
(239, 'REG.03.781', 'OMEGTAMINE ( DEXA+CTM)', 0, 0, 1),
(240, 'REG.03.782', 'OMEPRAZOL ', 0, 0, 1),
(241, 'REG.03.784', 'ONDANCENTRON 4MG', 0, 0, 1),
(242, 'REG.03.810', 'PARACETAMOL 500MG', 0, 0, 1),
(245, 'REG.03.830', 'PIRACETAM 400MG', 0, 0, 1),
(246, 'REG.03.834', 'PIROXICAM 20MG', 0, 0, 1),
(247, 'REG.03.849', 'PREDNISON', 0, 0, 1),
(248, 'REG.03.890', 'RANITIDIN', 0, 0, 1),
(249, 'REG.03.1389', 'RENADINAC', 0, 0, 1),
(250, 'REG.03.458', 'SALBUTAMOL 2MG', 0, 0, 1),
(251, 'REG.03.953', 'SIMVASTATIN 20MG', 0, 0, 1),
(252, 'REG.03.963', 'SPASMAL', 0, 0, 1),
(253, 'REG.03.964', 'SPASMINAL', 0, 0, 1),
(257, 'REG.03.1005', 'TEOSAL', 0, 0, 1),
(259, 'REG.03.1010', 'TETRASICLIN 500MG', 0, 0, 1),
(260, 'REG.02.763', 'TREMENZA', 0, 0, 1),
(261, 'REG.03.1031', 'TRIAMCINOLON', 0, 0, 1),
(262, 'REG.03.1046', 'TUZALOS', 0, 0, 1),
(263, 'REG.03.1085', 'VIT B COMPLEK (KF)', 0, 0, 1),
(264, 'REG.03.1085', 'VIT B COMPLEX', 0, 0, 1),
(265, 'REG.03.1088', 'VIT B12', 0, 0, 1),
(266, 'REG.03.1089', 'VIT B6', 0, 0, 1),
(267, 'REG.03.1090', 'VIT C', 0, 0, 1),
(268, 'REG.03.1093', 'VITACIMIN', 0, 0, 1),
(269, 'REG.03.1087', 'VITAMIN B1', 0, 0, 1),
(270, 'REG.03.1108', 'VOSEA (METOCLORPERAMID)', 0, 0, 1),
(271, 'REG.03.1118', 'XON-CE', 0, 0, 1),
(272, 'REG.03.1123', 'ZINC', 0, 0, 1),
(273, 'REG.03.935', 'SANMOL', 0, 0, 1),
(274, 'REG.03.465', 'GRAZEO(PIROXICAM)', 0, 0, 1),
(275, 'REG.03.986', 'SUPRABIOTIC', 0, 0, 1),
(276, 'REG.03.656', 'MEFINAL', 0, 0, 1),
(277, 'REG.03.392', 'FOLAMIL', 0, 0, 1),
(278, 'REG.03.730', 'NEUROBION', 0, 0, 1),
(279, 'REG.03.348', 'EVER E', 0, 0, 1),
(280, 'REG.03.509', 'IMBOOST FORCE', 0, 0, 1),
(281, 'REG.03.544', 'INZA', 0, 0, 1),
(282, 'REG.03.475', 'HEMAVITON', 0, 0, 1),
(283, 'REG.03.070', 'ANTIMO', 0, 0, 1),
(284, 'REG.03.811', 'PARAMEX', 0, 0, 1),
(285, 'REG.03.126', 'BODREXIN', 0, 0, 1),
(286, 'REG.03.123', 'BODREX', 0, 0, 1),
(287, 'REG.03.864', 'PROMAG', 0, 0, 1),
(288, 'REG.03.588', 'KONIDIN MINT', 0, 0, 1),
(289, 'REG.03.2036', 'KONIDIN STRONG', 0, 0, 1),
(290, 'REG.03.587', 'KONIDIN HERBAL', 0, 0, 1),
(291, 'REG.03.923', 'SAKATONIK STROBERI', 0, 0, 1),
(292, 'REG.03.920', 'SAKATONIK ANGGUR', 0, 0, 1),
(293, 'REG.03.921', 'SAKATONIK ANTARIKSA', 0, 0, 1),
(294, 'REG.03.922', 'SAKATONIK JERUK', 0, 0, 1),
(295, 'REG.02.437', 'KONVERMEX 250', 0, 0, 1),
(296, 'REG.03.1023', 'TOLAK ANGIN PERMEN', 0, 0, 1),
(297, 'REG.04.039', 'L- BIO', 0, 0, 1),
(298, 'REG.04.079', 'LACTO B', 0, 0, 1),
(299, 'REG.04.048', 'ORALIT', 0, 0, 1),
(300, 'REG.04.083', 'SALISIL GAJAH', 0, 0, 1),
(301, 'REG.04.058', 'SALISIL TALK', 0, 0, 1),
(302, 'REG.04.059', 'SALISIL TALK (KF)', 0, 0, 1),
(303, 'REG.04.002', 'ADEM SARI', 0, 0, 1),
(304, 'REG.04.074', 'VEGETA', 0, 0, 1),
(305, 'REG.05.062', 'ACYCLOVIR ZK', 0, 0, 1),
(306, 'REG.05.167', 'BALSEM OTOT GELILA', 0, 0, 1),
(307, 'REG.05.172', 'BETAMETASON ZK', 0, 0, 1),
(308, 'REG.05.005', 'BETASON', 0, 0, 1),
(309, 'REG.05.043', 'BIOPLACENTON', 0, 0, 1),
(310, 'REG.05.122', 'BURNAZIN', 0, 0, 1),
(311, 'REG.05.039', 'CINOLON N', 0, 0, 1),
(312, 'REG.05.179', 'COUNTERPAIN 15G', 0, 0, 1),
(313, 'REG.05.033', 'DULCOLAX SUUP', 0, 0, 1),
(314, 'REG.05.162', 'ERLAMICETIN ZM', 0, 0, 1),
(315, 'REG.05.163', 'FUNGIDERM', 0, 0, 1),
(316, 'REG.05.123', 'GENOINT ZK', 0, 0, 1),
(317, 'REG.05.055', 'GENOINT ZM', 0, 0, 1),
(318, 'REG.05.192', 'GOSOK PIJAT URUT NO 2', 0, 0, 1),
(319, 'REG.05.164', 'HIDROCORTIZON ZK', 0, 0, 1),
(320, 'REG.05.165', 'ICHTYOL', 0, 0, 1),
(321, 'REG.05.050', 'KENALOG', 0, 0, 1),
(322, 'REG.05.166', 'KETOCONAZOL 10GR', 0, 0, 1),
(323, 'REG.05.166', 'KETOCONAZOL 5GR', 0, 0, 1),
(324, 'REG.05.072', 'LAFALOS', 0, 0, 1),
(325, 'REG.05.065', 'MICONAZOL', 0, 0, 1),
(326, 'REG.05.168', 'MOMETASON', 0, 0, 1),
(327, 'REG.05.145', 'MY JALLY', 0, 0, 1),
(328, 'REG.05.169', 'OXYTETRASICLIN', 0, 0, 1),
(329, 'REG.05.087', 'RECO ZM', 0, 0, 1),
(330, 'REG.05.150', 'SABUN HIJAU BESAR', 0, 0, 1),
(331, 'REG.05.217', 'SABUN HIJAU KECIL', 0, 0, 1),
(332, 'REG.05.170', 'SALEP 24', 0, 0, 1),
(333, 'REG.05.096', 'SCABIMITE ', 0, 0, 1),
(334, 'REG.05.173', 'GENTALEX', 0, 0, 1),
(335, 'REG.05.003', 'ANTIHEMOROID', 0, 0, 1),
(336, 'REG.05.002', 'TROMBOPHOP GEL', 0, 0, 1),
(338, 'REG.06.016', 'HANSAPLAST', 0, 0, 1),
(339, 'REG.06.094', 'HYPAVIX 10X5', 0, 0, 1),
(340, 'REG.06.021', 'HYPAVIX 5X5', 0, 0, 1),
(341, 'REG.06.045', 'KASSA DRC', 0, 0, 1),
(342, 'REG.06.138', 'KASSA HEXA HUSADA', 0, 0, 1),
(343, 'REG.06.006', 'KASSA STERIL HUSADA', 0, 0, 1),
(344, 'REG.06.139', 'LEUCOPLAST 0,5X5', 0, 0, 1),
(345, 'REG.06.140', 'LEUCOPLAST 3X5', 0, 0, 1),
(346, 'REG.06.139', 'LEUCOPLAST 7,5X4,5', 0, 0, 1),
(347, 'REG.06.028', 'LOMATUL', 0, 0, 1),
(348, 'REG.06.023', 'TENSOCRAPE 4 INCH', 0, 0, 1),
(349, 'REG.06.024', 'TENSOCRAPE 6 INCH', 0, 0, 1),
(350, 'REG.06.121', 'VERBAN 5CM', 0, 0, 1),
(351, 'REG.06.122', 'NATES DAY', 0, 0, 1),
(352, 'REG.06.123', 'NATES MALAM', 0, 0, 1),
(353, 'REG.06.124', 'NATES PANTY LINER', 0, 0, 1),
(354, 'REG.06.140', 'BYE-BYE FIVER', 0, 0, 1),
(355, 'REG.07.146', 'CAT GUT PLAIN 2/0', 0, 0, 1),
(356, 'REG.07.147', 'CAT GUT PLAIN 3/0', 0, 0, 1),
(357, 'REG.02.196', 'CHLOR ETHYL', 0, 0, 1),
(358, 'REG.07.1273', 'CROMIC 2/0', 0, 0, 1),
(359, 'REG.07.257', 'DISPO 10 CC', 0, 0, 1),
(360, 'REG.07.254', 'DISPO 1CC', 0, 0, 1),
(361, 'REG.07.261', 'DISPO 3 CC', 0, 0, 1),
(362, 'REG.07.267', 'DISPO 5CC', 0, 0, 1),
(364, 'REG.07.565', 'HECTING NALD-1.0', 0, 0, 1),
(365, 'REG.07.442', 'INFUSET', 0, 0, 1),
(366, 'REG.07.569', 'IV CATETER 18', 0, 0, 1),
(368, 'REG.07.469', 'KACA MULUT', 0, 0, 1),
(369, 'REG.07.472', 'KAPAS  500GR', 0, 0, 1),
(370, 'REG.07.1450', 'LANCET', 0, 0, 1),
(371, 'REG.07.590', 'MASKER', 0, 0, 1),
(372, 'REG.07.589', 'MAXTER M', 0, 0, 1),
(373, 'REG.07.590', 'MAXTER S ', 0, 0, 1),
(374, 'REG.07.591', 'MAXTER STERIL 7,5', 0, 0, 1),
(375, 'REG.07.600', 'MEDICUT', 0, 0, 1),
(376, 'REG.07.601', 'MEDICUT 20', 0, 0, 1),
(377, 'REG.07.640', 'NEEDLE 23', 0, 0, 1),
(378, 'REG.07.645', 'NESCO GLUCOSE', 0, 0, 1),
(379, 'REG.07.646', 'NESCO KOLESTEROL', 0, 0, 1),
(380, 'REG.07.647', 'NESCO URID ACID', 0, 0, 1),
(381, 'REG.07.571', 'OPIUM GULA', 0, 0, 1),
(382, 'REG.07.1295', 'SAVE GLOVE L', 0, 0, 1),
(383, 'REG.07.573', 'SAVE GLOVE M', 0, 0, 1),
(384, 'REG.07.921', 'SENSITIVE', 0, 0, 1),
(385, 'REG.07.1237', 'STERACAT 24', 0, 0, 1),
(386, 'REG.07.1021', 'SURFLO 20', 0, 0, 1),
(387, 'REG.07.073', 'TENSI ABN', 0, 0, 1),
(388, 'REG.07.1087', 'TIMBANGAN', 0, 0, 1),
(389, 'REG.07.1238', 'VERBAN TRUNOL', 0, 0, 1),
(390, 'REG.07.572', 'AKURAT', 0, 0, 1),
(391, 'REG.07.662', 'ONE MED TESPEC', 0, 0, 1),
(392, 'REG.06.121', 'VERBAN 5CM', 0, 0, 1),
(394, 'REG.02.938', 'KREOLIN', 0, 0, 1),
(395, 'REG.02.939', 'KONICARE GEL PENGURANG GATAL', 0, 0, 1),
(396, 'REG.02.637', 'R L', 0, 0, 1),
(397, 'REG.06.122', 'NATES DAY', 0, 0, 1),
(398, 'REG.06.124', 'NATES PANTY', 0, 0, 1),
(399, 'REG.03.460', 'GRATHEOS', 0, 0, 1),
(400, 'REG.03.463', 'GRAVASK 10 MG', 0, 0, 1),
(401, 'REG.04.9', 'L BIO', 0, 0, 1),
(402, 'REG.05.153', 'ACYCLOVIR ZALP', 0, 0, 1),
(403, 'REG.07.647', 'NESCO ASAM URAT', 0, 0, 1),
(404, 'REG.03.393', 'FOLAMIL GENIO SOFT CAPSUL', 0, 0, 1),
(405, 'REG.02.286', 'ENTEROSTOP HERBAL ANAK', 0, 0, 1),
(406, 'REG.02.337', 'GAZERO', 0, 0, 1),
(407, 'REG.02.054', 'ANTANGIN JRG', 0, 0, 1),
(408, 'REG.02.940', 'ANTANGIN GINGER MOCCA', 0, 0, 1),
(410, 'REG.03.927', 'SALBUTAMOL 4 MG', 0, 0, 1),
(411, 'REG.02.410', 'POVIDON IODIN 30 ML', 0, 0, 1),
(412, 'REG.07.564', 'MASKER KARET ONE MED', 0, 0, 1),
(413, 'REG.02.712', 'SIRPLUS STRAWBERRY', 0, 0, 1),
(414, 'REG.02.709', 'SIRPLUS ANGGUR', 0, 0, 1),
(415, 'REG.02.324', 'FRESHCARE GREENTEA', 0, 0, 1),
(416, 'REG.02.325', 'FRESHCARE LAVENDER', 0, 0, 1),
(419, 'REG.02.326', 'FRESHCARE MAA STRONG', 0, 0, 1),
(420, 'REG.02.322', 'FRESHCARE CITRUS', 0, 0, 1),
(421, 'REG.05.179', 'COUNTERPAIN 15 GRAM', 0, 0, 1),
(422, 'REG.03.902', 'RHINOS SR', 0, 0, 1),
(423, 'REG.05.174', 'INERSON', 0, 0, 1),
(424, 'REG.02.797', 'VENTOLIN INHALER', 0, 0, 1),
(425, 'REG.07.573', 'CROMIC 3/0 + 1/2 GT', 0, 0, 1),
(428, 'REG.07.1072', 'THERMO ONE ALPA', 0, 0, 1),
(429, 'REG.01.393', 'VENTOLIN NEBULE', 0, 0, 1),
(430, 'REG.04.059', 'SALICYL TALK GAJAH MENTOL', 0, 0, 1),
(431, 'REG.05.175', 'CALADIN LOTION', 0, 0, 1),
(432, 'REG.04.032', 'HEROCIN', 0, 0, 1),
(433, 'REG.03.468', 'GUAIFENESIN', 0, 0, 1),
(434, 'REG.02.744', 'TERMOREX PLUS', 0, 0, 1),
(435, 'REG.02.052', 'ANAKONIDIN SYR', 0, 0, 1),
(437, 'REG.02.323', 'FRESHCARE FRUTTY', 0, 0, 1),
(438, 'REG.02.046', 'Amoxicillin Sirup', 0, 0, 1),
(440, 'REG.03.141', 'Calortusin', 0, 0, 1),
(442, 'REG.01.084', 'CORTISON INJ', 0, 0, 1),
(443, 'REG.06.020', 'VERBAN 10 CM', 0, 0, 1),
(444, 'REG.03.413', 'FUROSEMID KF', 0, 0, 1),
(445, 'REG.03.1087', 'VITAMIN B1 KF', 0, 0, 1),
(446, 'REG.03.819', 'PHARMATON FORMULA', 0, 0, 1),
(447, 'REG.01.100', 'DIPENHIDRAMIN', 0, 0, 1),
(449, 'REG.03.2080', 'ENERVIT', 0, 0, 1),
(451, 'REG.03.2037', 'ESTER C TUBE', 0, 0, 1),
(452, 'REG.03.169', 'CDR', 0, 0, 1),
(453, 'REG.02.548', 'OBH COMBI ANAK', 0, 0, 1),
(454, 'REG.07.290', 'EASY TOUCH GLUCOSE', 0, 0, 1),
(455, 'REG.07.292', 'EASY TOUCH ASAM URAT', 0, 0, 1),
(457, 'REG.07.291', 'EASY TOUCH KOLESTEROL', 0, 0, 1),
(458, 'REG.02.725', 'SUCRALFAT', 0, 0, 1),
(459, 'REG.03.732', 'NEUROBION FORTE', 0, 0, 1),
(460, 'REG.03.040', 'LEVOFLOXACIN', 0, 0, 1),
(461, 'REG.05.176', 'CLODERMA HIJAU', 0, 0, 1),
(462, 'REG.02.329', 'FRESHCARE SPLASH ', 0, 0, 1),
(463, 'REG.02.485', 'FRESHCARE SANDAL WOOD', 0, 0, 1),
(464, 'REG.02.485', 'MINYAK TAWON CC', 0, 0, 1),
(465, 'REG.02.486', 'MINYAK TAWON DD', 0, 0, 1),
(466, 'REG.02.487', 'MINYAK TAWON EE', 0, 0, 1),
(467, 'REG.02.488', 'MINYAK TAWON FF', 0, 0, 1),
(468, 'REG.05.177', 'VITAQUIN CREAM 15 GR', 0, 0, 1),
(469, 'REG.07.578', 'MASKER TALI', 0, 0, 1),
(470, 'REG.07.588', 'MAXTER L', 0, 0, 1),
(471, 'REG.07.574', 'TENSI ANEROID', 0, 0, 1),
(473, 'REG.07.865', 'POT PLASTIK', 0, 0, 1),
(474, 'REG.03.286', 'DIAPET', 0, 0, 1),
(475, 'REG.03.287', 'DIAPET NR', 0, 0, 1),
(476, 'REG.05.178', 'BALSEM LANG', 0, 0, 1),
(477, 'REG.06.141', 'SALONPAS KOYO HOT', 0, 0, 1),
(478, 'REG.06.126', 'SALONPAS KOYO', 0, 0, 1),
(479, 'REG.02.288', 'EPISAN SYR', 0, 0, 1),
(481, 'REG.03.717', 'NATUR E ADVANCED', 0, 0, 1),
(482, 'REG.03.718', 'NATURE E NOURISHING', 0, 0, 1),
(484, 'REG.06.126', 'SALONPAS KOYO HITSAM', 0, 0, 1),
(485, 'REG.06.127', 'BYE BYE FEVER ANAK', 0, 0, 1),
(486, 'REG.03.2038', 'AMBEVEN', 0, 0, 1),
(487, 'REG.06.142', 'SALONPAS SUPER (KOYO)', 0, 0, 1),
(488, 'REG.06.143', 'HANSAPLAST KOYO', 0, 0, 1),
(489, 'REG.06.144', 'HANSAPLAST KOYO HOT', 0, 0, 1),
(491, 'REG.03.719', 'NEO ENTEROSTOP', 0, 0, 1),
(492, 'REG.03.1083', 'VIOSTIN DS', 0, 0, 1),
(493, 'REG.05.193', 'COUNTERPAIN 5 GR', 0, 0, 1),
(494, 'REG.02.444', 'LACTACYD WOMAN', 0, 0, 1),
(495, 'REG.02.013', 'ALBOTHYL 5 ML', 0, 0, 1),
(496, 'REG.05.180', 'COUNTERPAIN COOL', 0, 0, 1),
(497, 'REG.02.390', 'IMBOOST FORCE SYR', 0, 0, 1),
(498, 'REG.03.154', 'CAPTOPRIL ETA', 0, 0, 1),
(501, 'REG.07.221', 'CUT GUT P-LAIN 3/0 + 1/2 GT', 0, 0, 1),
(502, 'REG.07.640', 'NEEDLE 23 BD', 0, 0, 1),
(503, 'REG.03.694', 'MICROGYNON', 0, 0, 1),
(504, 'REG.03.050', 'AMLODIPIN 5 MG', 0, 0, 1),
(505, 'REG.07.587', 'MAXTER EXAM GLV PEP XS', 0, 0, 1),
(507, 'REG.03.369', 'FISHQUA', 0, 0, 1),
(508, 'REG.03.977', 'STIMUNO FORTE', 0, 0, 1),
(511, 'REG.03.823', 'PIL KB ANDALAN', 0, 0, 1),
(512, 'REG.03.252', 'CTM (KALENG)', 0, 0, 1),
(513, 'REG.03.824', 'PIL KB ANDALAN LAKTASI', 0, 0, 1),
(515, 'REG.03.2034', 'FLUDANE FORTE', 0, 0, 1),
(521, 'REG.07.561', 'MASKER EARLOOP', 0, 0, 1),
(522, 'REG.02.697', 'SEVEN SEAS SIRUP', 0, 0, 1),
(523, 'REG.03.933', 'SANGOBION', 0, 0, 1),
(524, 'REG.02.803', 'VICKS INHALER', 0, 0, 1),
(526, 'REG.05.181', 'RHEUMASON WHITE CREAM', 0, 0, 1),
(527, 'REG.02.525', 'NELLCO SPECIAL OBH 100 ML', 0, 0, 1),
(528, 'REG.02.526', 'NELLCO SPECIAL OBH 55 ML', 0, 0, 1),
(529, 'REG.03.054', 'AMOXSAN 500', 0, 0, 1),
(530, 'REG.03.2040', 'FITCOM GUMMY-BIRU', 0, 0, 1),
(531, 'REG.03.373', 'FITCOM GUMMY-HIJAU', 0, 0, 1),
(532, 'REG.03.374', 'FITCOM GUMMY-UNGU', 0, 0, 1),
(537, 'REG.02.724', 'STIMUNO SYRUP', 0, 0, 1),
(538, 'REG.03.382', 'FLAMIGRA', 0, 0, 1),
(540, 'REG.03.961', 'SP TROGHES RASA MELON', 0, 0, 1),
(541, 'REG.03.962', 'SP TROGHES RASA STRAWBERRY', 0, 0, 1),
(542, 'REG.03.398', 'FORBETES 850', 0, 0, 1),
(543, 'REG.06.007', 'KAPAS 1 KG', 0, 0, 1),
(544, 'REG.03.031', 'glucodex', 0, 0, 1),
(546, 'REG.02.710', 'SIRPLUS JERUK', 0, 0, 1),
(547, 'REG.04.008', 'CATAFLAM FAST', 0, 0, 1),
(548, 'REG.05.182', 'TRANSPULMIN BB', 0, 0, 1),
(549, 'REG.03.978', 'STREPSIL COOL ', 0, 0, 1),
(550, 'REG.03.2040', 'STREPSIL ORIGINAL', 0, 0, 1),
(551, 'REG.03.979', 'STREPSIL SHOOTING', 0, 0, 1),
(552, 'REG.03.980', 'STREPSIL SINGLE COOL', 0, 0, 1),
(553, 'REG.03.981', 'STREPSIL SINGLE SHOOTING', 0, 0, 1),
(554, 'REG.03.189', 'CEREBROFOT MARIN GUMMY JERUK', 0, 0, 1),
(555, 'REG.03.190', 'CEREBROFOT MARINE GUMMY MANGGA', 0, 0, 1),
(556, 'REG.03.191', 'CEREBROFOT MARINE GUMMY STRAWBERRY', 0, 0, 1),
(557, 'REG.02.818', 'WOODS BATUK SYR 60 ML', 0, 0, 1),
(558, 'REG.02.817', 'WOODS BATUK EXP  SYR 60 ML', 0, 0, 1),
(559, 'REG.03.1112', 'WOODS LOZENGES', 0, 0, 1),
(560, 'REG.03.1113', 'WOODS LOZENGES CHERRY ', 0, 0, 1),
(562, 'REG.03.1114', 'WOODS LOZENGES LEMON', 0, 0, 1),
(563, 'REG.03.328', 'ENERVON C', 0, 0, 1),
(564, 'REG.05.183', 'HOTIN DCL ', 0, 0, 1),
(565, 'REG.05.184', 'HOTIN CREAM 60 ML', 0, 0, 1),
(566, 'REG.05.185', 'HOTIN CREAM 120 ML', 0, 0, 1),
(567, 'REG.05.186', 'HOTIN AROMATERAPI 60 ML', 0, 0, 1),
(568, 'REG.05.187', 'HOTIN CREAM AROMATERAPY 120 ML', 0, 0, 1),
(569, 'REG.05.188', 'HOTIN KOYO AROMATERAPY', 0, 0, 1),
(571, 'REG.07.936', 'SELANG OKSIGEN DEWASA', 0, 0, 1),
(572, 'REG.06.128', 'U-PAD ', 0, 0, 1),
(573, 'REG.06.131', 'KOOL FEVER', 0, 0, 1),
(574, 'REG.02.114', 'BIOVITAN', 0, 0, 1),
(575, 'REG.03.375', 'FITCOM-GUMMY-CALC KUNING', 0, 0, 1),
(576, 'REG.02.389', 'ILIADIN SPRAY', 0, 0, 1),
(577, 'REG.02.008', 'AKILEN TETES TELINGA', 0, 0, 1),
(579, 'REG.07.455', 'iodin cup', 0, 0, 1),
(580, 'REG.07.451', 'INSTRUMEN BAK', 0, 0, 1),
(581, 'REG.07.575', 'NIERBEKEN ', 0, 0, 1),
(582, 'REG.07.576', 'SURGICAL MASK', 0, 0, 1),
(583, 'REG.01.185', 'KB ANDALAN SUNTIKAN', 0, 0, 1),
(584, 'REG.03.929', 'SANAFLU', 0, 0, 1),
(585, 'REG.03.152', 'CAPTOPRIL 12.5MG', 0, 0, 1),
(586, 'REG.07.149', 'MASKER GIRLY', 0, 0, 1),
(587, 'REG.02.606', 'PLANTACID SYR 100 ML', 0, 0, 1),
(588, 'REG.03.841', 'POLYSILANE TABLET', 0, 0, 1),
(589, 'REG.03.2041', 'FITKOM GRAPE', 0, 0, 1),
(590, 'REG.03.376', 'FITKOM ORANGE', 0, 0, 1),
(591, 'REG.03.377', 'FITKOM STRAWBERRY', 0, 0, 1),
(592, 'REG.03.611', 'LELAP', 0, 0, 1),
(593, 'REG.02.029', 'ULSAFAT SIRUP', 0, 0, 1),
(594, 'REG.07.018', 'ALAT EASY TOUCH', 0, 0, 1),
(596, 'REG.03.840', 'POLDANMIG ', 0, 0, 1),
(597, 'REG.03.102', 'BECOM-C CAPLET', 0, 0, 1),
(598, 'REG.02.527', 'NEO KAOLANA SYR', 0, 0, 1),
(599, 'REG.02.193', 'CETIRIZINE SYR', 0, 0, 1),
(601, 'REG.05.083', 'OXYTETRASIKLIN SM', 0, 0, 1),
(602, 'REG.03.734', 'NEURODEX', 0, 0, 1),
(604, 'REG.02.238', 'CURCUMA PLUS GOLD STRAWBERRY', 0, 0, 1),
(605, 'REG.02.237', 'CURCUMA PLUS GOLD JERUK', 0, 0, 1),
(606, 'REG.03.1143', 'TRIFACORT 5 MG', 0, 0, 1),
(607, 'REG.03.1220', 'LANAVEN', 0, 0, 1),
(608, 'REG.02.499', 'MKP LANG 120 ML', 0, 0, 1),
(609, 'REG.02.496', 'MKP EUCALIPTUS 30 ML', 0, 0, 1),
(611, 'REG.02.490', 'MINYAK TELON LANG 30 ML', 0, 0, 1),
(612, 'REG.07.097', 'NORIT', 0, 0, 1),
(613, 'REG.03.815', 'PEHAVRAL', 0, 0, 1),
(614, 'REG.07.67', 'URIN BAG', 0, 0, 1),
(615, 'REG.02.517', 'MYLANTA 150 ML', 0, 0, 1),
(616, 'REG.03.233', 'COMBANTRIN 250', 0, 0, 1),
(617, 'REG.03.053', 'AMOXICILLIN PL', 0, 0, 1),
(618, 'REG.03.2035', 'MOLACORT TAB', 0, 0, 1),
(619, 'REG.03.791', 'OSFIT DHA', 0, 0, 1),
(622, 'REG.04.011', 'DIABETASOL SWEETENER 25X1', 0, 0, 1),
(623, 'REG.04.011', 'DIABETASOL SWEETENER 50X1', 0, 0, 1),
(624, 'REG.04.065', 'SUSU DIABETASOL VANILLA', 0, 0, 1),
(625, 'REG.04.064', 'SUSU DIABETASOL COKLAT', 0, 0, 1),
(626, 'REG.02.688', 'SARI KURMA SAHARA', 0, 0, 1),
(627, 'REG.03.843', 'PONSTAN', 0, 0, 1),
(628, 'REG.07.530', 'LASERIN 110 ML', 0, 0, 1),
(629, 'REG.01.884', 'H BOOSTER SYR', 0, 0, 1),
(630, 'REG.02.497', 'MKP GAJAH 30 ML', 0, 0, 1),
(631, 'REG.02.498', 'MKP GAJAH 60 ML', 0, 0, 1),
(632, 'REG.03.620', 'LEXACROL', 0, 0, 1),
(633, 'REG.03.355', 'FARMACROL FORTE', 0, 0, 1),
(634, 'REG.02.886', 'LEXACROL FORTE SYR', 0, 0, 1),
(635, 'REG.02.887', 'ASEPTIC GEL+DISPENSER', 0, 0, 1),
(636, 'REG.02.698', 'SEVENSEAS BECOMBION SIRUP', 0, 0, 1),
(637, 'REG.02.888', 'SEVENSEAS BECOMBION SIRUP LYSIN', 0, 0, 1),
(638, 'REG.03.124', 'BODREX FLU & BATUK', 0, 0, 1),
(639, 'REG.02.116', 'BISOLVON ELIXIR', 0, 0, 1),
(640, 'REG.02.115', 'BISOLVON BATUK & FLU SIRUP', 0, 0, 1),
(641, 'REG.03.575', 'KAPSUL NO 1', 0, 0, 1),
(642, 'REG.03.576', 'KAPSUL NO 2', 0, 0, 1),
(644, 'REG.03.1076', 'VEGETA HERBAL', 0, 0, 1),
(645, 'REG.07.857', 'PLESTERIN ROLL 5X5', 0, 0, 1),
(647, 'REG.03.035', 'ALPRAZOLAM 0.5MG', 0, 0, 1),
(648, 'REG.03.226', 'CODIKAF 20MG', 0, 0, 1),
(649, 'REG.03.953', 'SIMVASTATIN 20 MG KF', 0, 0, 1),
(650, 'REG.03.431', 'GITAS PLUS', 0, 0, 1),
(651, 'REG.03.973', 'STARMUNO', 0, 0, 1),
(652, 'REG.02.665', 'SAFE CARE 10 ML', 0, 0, 1),
(653, 'REG.02.889', 'SAFE CARE 5 ML', 0, 0, 1),
(654, 'REG.03.254', 'CTM PHAPROS', 0, 0, 1),
(655, 'REG.03.058', 'ANALSIK', 0, 0, 1),
(656, 'REG.03.934', 'SANMAG TAB', 0, 0, 1),
(657, 'REG.02.501', 'MKP LANG EUKALIPTUS LAVENDER', 0, 0, 1),
(658, 'REG.02.788', 'V FRESH 8 ML', 0, 0, 1),
(659, 'REG.02.789', 'V FRESH HOT 8 ML', 0, 0, 1),
(660, 'REG.05.189', 'GELIGA KRIM', 0, 0, 1),
(661, 'REG.05.190', 'GPU KRIM SEREH', 0, 0, 1),
(662, 'REG.02.359', 'GPU JAHE', 0, 0, 1),
(663, 'REG.02.749', 'TJ JOOYBEE MD STOW', 0, 0, 1),
(664, 'REG.03.370', 'FITBOOST', 0, 0, 1),
(665, 'REG.02.675', 'SANADRYL DMP 60 ML', 0, 0, 1),
(667, 'REG.04.021', 'ENTRASOL GOLD COKLAT', 0, 0, 1),
(668, 'REG.04.022', 'ENTRASOL GOLD PLAIN', 0, 0, 1),
(670, 'REG.06.121', 'VERBAN 15 CM', 0, 0, 1),
(671, 'REG.05.191', 'ZOLAGEL DIAPER', 0, 0, 1),
(673, 'REG.02.119', 'BISOLVON SOLUTIO', 0, 0, 1),
(674, 'REG.05.192', 'SUPERHOID SUPP', 0, 0, 1),
(675, 'REG.05.006', 'KETOCONAZOL CREAM 2 % (DEXA)', 0, 0, 1),
(676, 'REG.03.952', 'SIMVASTATIN 10 MG', 0, 0, 1),
(677, 'REG.06.145', 'KAPAS 250 GRAM', 0, 0, 1),
(678, 'REG.07.898', 'SAVE GLOVE S', 0, 0, 1),
(679, 'REG.02.754', 'TOLAK ANGIN CARE', 0, 0, 1),
(680, 'REG.02.756', 'TOLAK ANGIN FLU CAIR', 0, 0, 1),
(681, 'REG.03.083', 'ASIFIT', 0, 0, 1),
(682, 'REG.02.092', 'BATUGIN ELIXIR 300 ML', 0, 0, 1),
(683, 'REG.02.430', 'KIRANTI DATANG BULAN', 0, 0, 1),
(684, 'REG.02.433', 'KOMIX OBH PE', 0, 0, 1),
(685, 'REG.02.766', 'TRIAMINIC BATUK FLU', 0, 0, 1),
(686, 'REG.02.768', 'TRIAMINIC PILEK', 0, 0, 1),
(687, 'REG.02.003', 'ACTIFED COUGH ( MERAH)', 0, 0, 1),
(688, 'REG.02.004', 'ACTIFED PLUS (HIJAU)', 0, 0, 1),
(689, 'REG.03.805', 'PANADOL HIJAU', 0, 0, 1),
(690, 'REG.03.636', 'LODIA', 0, 0, 1),
(691, 'REG.02.482', 'MINYAK KAPAK 28 ML', 0, 0, 1),
(692, 'REG.02.751', 'TOBRO TM', 0, 0, 1),
(693, 'REG.02.820', 'XITROL STIP', 0, 0, 1),
(694, 'REG.03.806', 'PANADOL MERAH', 0, 0, 1),
(695, 'REG.03.2032', 'PANADOL BIRU', 0, 0, 1),
(696, 'REG.05.074', 'VOLTAREN GEL 50gr', 0, 0, 1),
(697, 'REG.05.242', 'VOLTAREN GEL 100gr', 0, 0, 1),
(698, 'REG.02.027', 'ALLERIN EXP SIRUP', 0, 0, 1),
(699, 'REG.03.724', 'NEOZEP FORTE', 0, 0, 1),
(700, 'REG.02.361', 'GPU SEREH 60 ML', 0, 0, 1),
(701, 'REG.03.289', 'DIAZEPAM 2 MG', 0, 0, 1),
(703, 'REG.03.603', 'LANSOPRAZOL', 0, 0, 1),
(704, 'REG.01.443', 'DEPO NEO INJ', 0, 0, 1),
(705, 'REG.01.184', 'KB ANDALAN 3 BULAN', 0, 0, 1),
(706, 'REG.02.049', 'AMOXAN SIRUP', 0, 0, 1),
(707, 'REG.02.373', 'HERBAKOF SYR', 0, 0, 1),
(708, 'REG.05.194', 'VOLTADEX 1% 20 GR', 0, 0, 1),
(709, 'REG.02.402', 'INTERHISTIN SYR', 0, 0, 1),
(710, 'REG.03.1420', 'BECOM-ZET', 0, 0, 1),
(711, 'REG.03.985', 'SUPERTETRA', 0, 0, 1),
(712, 'REG.01.388', 'VALISANBE', 0, 0, 1),
(713, 'REG.03.130', 'BRAXIDIN', 0, 0, 1),
(714, 'REG.03.721', 'NEO RHEUMACYL', 0, 0, 1),
(715, 'REG.03.607', 'LAXING CAPSUL', 0, 0, 1),
(716, 'REG.03.559', 'JESSCOOL', 0, 0, 1),
(717, 'REG.05.195', 'KONICARE LOTION KAYU PUTIH', 0, 0, 1),
(718, 'REG.02.435', 'KONICARE TELON PLUS', 0, 0, 1),
(719, 'REG.03.586', 'KONIDIN', 0, 0, 1),
(720, 'REG.03.812', 'PARAMEX NYERI OTOT', 0, 0, 1),
(721, 'REG.05.196', 'VIRUGON', 0, 0, 1),
(723, 'REG.03.136', 'CALADIN POWDER 100 GR ', 0, 0, 1),
(724, 'REG.04.033', 'HEROCYN 150 GR', 0, 0, 1),
(725, 'REG.04.007', 'CALADIN POWDER 60 GR', 0, 0, 1),
(726, 'REG.02.178', 'CALADIN LOTION 95 ML', 0, 0, 1),
(727, 'REG.03.134', 'BUSCOPAN', 0, 0, 1),
(728, 'REG.01.317', 'SANKORBIN INJ', 0, 0, 1),
(729, 'REG.02.555', 'OBH MOLEX', 0, 0, 1),
(730, 'REG.06.130', 'LEUCOPLAST 2X5', 0, 0, 1),
(731, 'REG.02.830', 'ZINKID', 0, 0, 1),
(733, 'REG.03.118', 'BISOPROLOL OGB DEXA', 0, 0, 1),
(734, 'REG.07.578', 'BOLA TENSI + PENTIL', 0, 0, 1),
(735, 'REG.05.197', 'MICROLAX SUPP', 0, 0, 1),
(736, 'REG.01.049', 'BUSCOPAN INJEKSI', 0, 0, 1),
(737, 'REG.02.284', 'ENERVIT SIRUP', 0, 0, 1),
(738, 'REG.07.579', 'REGULATOR O2', 0, 0, 1),
(739, 'REG.07.579', 'STETOSCOPE ONEMED', 0, 0, 1),
(740, 'REG.07.611', 'MESS 11', 0, 0, 1),
(742, 'REG.02.791', 'VAPORIN', 0, 0, 1),
(743, 'REG.02.019', 'ALKOHOL 100 ML', 0, 0, 1),
(744, 'REG.07.580', 'TENSI OMRON', 0, 0, 1),
(746, 'REG.03.2042', 'ERLAMOL', 0, 0, 1),
(747, 'REG.04.020', 'ENTRASOL AKTIF VANILA', 0, 0, 1),
(748, 'REG.04.019', 'ENTRASOL AKTIF COKLAT', 0, 0, 1),
(749, 'REG.04.054', 'PRENAGEN MOMMY', 0, 0, 1),
(750, 'REG.04.055', 'PRENAGEN MOMMY COKLAT', 0, 0, 1),
(751, 'REG.02.360', 'GPU SEREH 30 ML', 0, 0, 1),
(752, 'REG.05.198', 'GPU KRIM SEREH 150 GR', 0, 0, 1),
(753, 'REG.02.757', 'TOLAK LINU CAIR', 0, 0, 1),
(755, 'REG.03.780', 'OMEDOM TAB', 0, 0, 1),
(756, 'REG.06.146', 'KOOL FEVER ANAK', 0, 0, 1),
(757, 'REG.02.490', 'TELON LANG PLUS 30 ML', 0, 0, 1),
(758, 'REG.03.419', 'GALVUSMET', 0, 0, 1),
(759, 'REG.03.041', 'AMARYL M2', 0, 0, 1),
(760, 'REG.04.080', 'JOVIAL', 0, 0, 1),
(764, 'REG.07.581', 'STETOSKOP DLX DWS', 0, 0, 1),
(765, 'REG.02.357', 'GOM', 0, 0, 1),
(766, 'REG.02.495', 'KONICARE KAYU PUTIH PLUS 60 ML', 0, 0, 1),
(768, 'REG.03.2043', 'METFORMIN DEXA', 0, 0, 1),
(769, 'REG.03.681', 'METILPREDNISOLON NULAB', 0, 0, 1),
(770, 'REG.06.077', 'ALKOHOL SWAB', 0, 0, 1),
(771, 'REG.03.2071', 'FITCOM GUMMY FIBER-MERAH', 0, 0, 1),
(772, 'REG.02.680', 'SANMAG SYR', 0, 0, 1),
(773, 'REG.02.091', 'BATUGIN 120 ML', 0, 0, 1),
(774, 'REG.02.285', 'ENKASARI 120 ML', 0, 0, 1),
(775, 'REG.02.327', 'FRESHCARE MIX CITRUS', 0, 0, 1),
(776, 'REG.05.196', 'CORSABALM 30 GRAM', 0, 0, 1),
(777, 'REG.02.550', 'OBH COMBI BF MADU', 0, 0, 1),
(778, 'REG.02.742', 'TENANGIN ', 0, 0, 1),
(779, 'REG.06.015', 'DARYANT-TULL', 0, 0, 1),
(780, 'REG.03.2045', 'NOVAMAG', 0, 0, 1),
(782, 'REG.02.890', 'ONE CLEAN 5,25% 1 LITER', 0, 0, 1),
(783, 'REG.03.953', 'SIMVASTATIN 20 MG GRAHA', 0, 0, 1),
(785, 'REG.06.132', 'AVAIL PANTI LINER ', 0, 0, 1),
(786, 'REG.06.133', 'AVAIL PAGI BIRU', 0, 0, 1),
(787, 'REG.06.134', 'AVAIL MALAM PINK', 0, 0, 1),
(788, 'REG.03.2046', 'ACTAPIN 5 MG ', 0, 0, 1),
(789, 'REG.03.2047', 'OMERIC 300 MG', 0, 0, 1),
(790, 'REG.02.502', 'MKP PALA 30 ML', 0, 0, 1),
(792, 'REG.02.394', 'IMUNOS SIRUP', 0, 0, 1),
(793, 'REG.02.061', 'APIALIST SIRUP 60 ML', 0, 0, 1),
(794, 'REG.07.85', 'tensi one type 1a', 0, 0, 1),
(795, 'REG.03.1100', 'VOLTADEX 50 MG', 0, 0, 1),
(797, 'REG.02.121', 'BODREXIN FLU & BATUK', 0, 0, 1),
(798, 'REG.02.711', 'SIRPLUS MELON', 0, 0, 1),
(799, 'REG.03.011', 'ACTOS MET 15 MG', 0, 0, 1),
(800, 'REG.02.544', 'NOVAXIFEN SIRUP', 0, 0, 1),
(801, 'REG.03.2048', 'NOVAXIFEN 400 MG', 0, 0, 1),
(802, 'REG.03.026', 'ALLORIS', 0, 0, 1),
(803, 'REG.03.882', 'PURICEMIA', 0, 0, 1),
(806, 'REG.07.87', 'TIMBANGAN INJAK AICA 130 KG', 0, 0, 1),
(807, 'REG.07.562', 'MASKER EVOMED', 0, 0, 1),
(808, 'REG.03.701', 'MOLAZOL TAB', 0, 0, 1),
(810, 'REG.03.1094', 'VITALONG C TUBE', 0, 0, 1),
(811, 'REG.02.821', 'YOU C 1000', 0, 0, 1),
(812, 'REG.05.200', 'DERMATIX ULTRA GEL 7G', 0, 0, 1),
(813, 'REG.05.201', 'DAKTARIN CREAM 5 GR', 0, 0, 1),
(814, 'REG.02.334', 'GANDAPURA LANG 30 ML', 0, 0, 1),
(815, 'REG.03.2049', 'KAPSIDA', 0, 0, 1),
(816, 'REG.02.221', 'COMBANTRIN SYR ORANGE', 0, 0, 1),
(817, 'REG.02.335', 'GANDAPURO LANG 60 ML', 0, 0, 1),
(819, 'REG.05.202', 'VICKS VAPORUP 10 GRAM', 0, 0, 1),
(820, 'REG.03.2050', 'GARCIA', 0, 0, 1),
(821, 'REG.03.2051', 'HABBATUSSAUDA\' KURMA AJWA 100', 0, 0, 1),
(823, 'REG.07.500', 'KOTAK P3K + ISI', 0, 0, 1),
(825, 'REG.03.936', 'SANPRIMA TAB', 0, 0, 1),
(826, 'REG.03.125', 'BODREX MIGRAN', 0, 0, 1),
(827, 'REG.02.102', 'BETADIN 60 ML', 0, 0, 1),
(828, 'REG.02.483', 'MINYAK KAPAK 56 ML', 0, 0, 1),
(829, 'REG.02.481', 'MINYAK KAPAK 14 ML', 0, 0, 1),
(830, 'REG.03.653', 'MARINE GUMMY GRAPE', 0, 0, 1),
(831, 'REG.03.896', 'REDOXON ', 0, 0, 1),
(832, 'REG.05.203', 'JF SULFUR', 0, 0, 1),
(834, 'REG.07.577', 'MASKER SKRIINER GIRLY 5\'S', 0, 0, 1),
(835, 'REG.04.073', 'TROPICANA SLIM SWEET DIABET 25S', 0, 0, 1),
(836, 'REG.04.072', 'TROPICANA SLIM SWEET DIABET  50S', 0, 0, 1),
(837, 'REG.05.204', 'TROMBOPHOB OINTMENT', 0, 0, 1),
(839, 'REG.02.056', 'ANTASIDA SYR FM', 0, 0, 1),
(840, 'REG.07.890', 'SAFETY BOX', 0, 0, 1),
(841, 'REG.06.135', 'LEUCOPLAST 1 x 5', 0, 0, 1),
(842, 'REG.06.136', 'SOFRATULLE', 0, 0, 1),
(843, 'REG.07.021', 'ALAT NESCO', 0, 0, 1),
(844, 'REG.07.073', 'BOLA TENSI ABN', 0, 0, 1),
(845, 'REG.03.344', 'ETABION', 0, 0, 1),
(846, 'REG.06.137', 'PLESTERIN 10X5 CM', 0, 0, 1),
(847, 'REG.03.1090', 'VIT C TRIFA', 0, 0, 1),
(848, 'REG.07.1271', 'TERMOMETER DIGITAL', 0, 0, 1),
(849, 'REG.04.070', 'TROPICANA SLIM 50X1', 0, 0, 1),
(850, 'REG.04.071', 'TROPICANA SLIM CLASSIC 25X1 ', 0, 0, 1),
(851, 'REG.02.500', 'MKP LANG 210 ML', 0, 0, 1),
(852, 'REG.03.361', 'FENAREN', 0, 0, 1),
(853, 'REG.03.486', 'HERBAPAIN', 0, 0, 1),
(854, 'REG.05.205', 'VICKS VAPORUB 25 G', 0, 0, 1),
(855, 'REG.02.676', 'SANADRYL EKSPEKTORAN', 0, 0, 1),
(856, 'REG.03.988', 'SUTRA', 0, 0, 1),
(857, 'REG.03.989', 'SUTRA PERKASA', 0, 0, 1),
(858, 'REG.03.1039', 'TROLIP 300 MG', 0, 0, 1),
(859, 'REG.05.070', 'KETRICIN ORABASE 0.1%', 0, 0, 1),
(860, 'REG.03.1105', 'VOMETA ', 0, 0, 1),
(862, 'REG.03.332', 'EPEXOL TAB 30 MG', 0, 0, 1),
(863, 'REG.02.083', 'INHALER CAPLANG', 0, 0, 1),
(864, 'REG.03.2052', 'INCIDAL TAB', 0, 0, 1),
(866, 'REG.07.566', 'MAKSER NEBULE DEWASA', 0, 0, 1),
(867, 'REG.07.566', 'MASKER NEBULE DEWASA', 0, 0, 1),
(869, 'REG.03.304', 'DIVASK 10 MG ', 0, 0, 1),
(870, 'REG.03.602', 'LANCID 20 MG', 0, 0, 1),
(871, 'REG.02.226', 'VICKS F44 54 ML', 0, 0, 1),
(872, 'REG.02.601', 'PIMTAKROL', 0, 0, 1),
(874, 'REG.02.894', 'OBH NELLCO ANAK STRAWBERRY', 0, 0, 1),
(875, 'REG.02.556', 'OBH NELLCO ANAK COKLAT', 0, 0, 1),
(877, 'REG.05.048', 'FORMYCO ZK', 0, 0, 1),
(878, 'REG.03.2053', 'PRORIS TAB ', 0, 0, 1),
(879, 'REG.05.073', 'MEBO ZK', 0, 0, 1),
(881, 'REG.05.186', 'HOTIN CREAM AROMATERAPY 60 GR', 0, 0, 1),
(882, 'REG.05.184', 'HOTIN CREAM 60 GR', 0, 0, 1),
(883, 'REG.02.287', 'EPEXOL SIRUP', 0, 0, 1),
(884, 'REG.07.97', 'CHROM 3/0 + 1/2 GT', 0, 0, 1),
(885, 'REG.02.707', 'SYLEX SIRUP 100 ML', 0, 0, 1),
(886, 'REG.02.809', 'VOMETA SIRUP', 0, 0, 1),
(887, 'REG.02.808', 'VOMETA DROP', 0, 0, 1),
(888, 'REG.03.975', 'STATOR 20 MG', 0, 0, 1),
(889, 'REG.02.896', 'BINTANG 7 MASUK ANGIN', 0, 0, 1),
(891, 'REG.03.363', 'WELMOVE STRIP', 0, 0, 1),
(892, 'REG.02.539', 'NORAGES SIRUP', 0, 0, 1),
(893, 'REG.03.2055', 'FITCOM GUMMY MULTIV BIRU', 0, 0, 1),
(894, 'REG.03.2056', 'FITCOM GUMMY VIT C & ZINC', 0, 0, 1),
(896, 'REG.05.197', 'ENZIM ANAK ORANGE', 0, 0, 1),
(898, 'REG.07.640', 'NEEDLE 23 TERUMO', 0, 0, 1),
(899, 'REG.02.897', 'FASIDOL DROP', 0, 0, 1),
(900, 'REG.07.1132', 'T-SILK 3/0 S21', 0, 0, 1),
(901, 'REG.05.218', 'PRONALGES 100 MG', 0, 0, 1),
(903, 'REG.03.039', 'AMARYL 4M', 0, 0, 1),
(905, 'REG.05.198', 'ENZIM MINT 100 ML ', 0, 0, 1),
(906, 'REG.05.199', 'ENZIM 40+ 100 ML', 0, 0, 1),
(907, 'REG.02.940', 'ENZIM MOUTHWASH 24 ML', 0, 0, 1),
(908, 'REG.07.566', 'MASKER SKRIINER 10\'S', 0, 0, 1),
(909, 'REG.02.898', 'MKP GAJAH 15 ML', 0, 0, 1),
(910, 'REG.03.376', 'FITKOM JERUK 21 TAB', 0, 0, 1),
(911, 'REG.03.377', 'FITKOM STRAWBERRY 21 TAB', 0, 0, 1),
(912, 'REG.02.391', 'IMBOOST SYR 120 ML', 0, 0, 1),
(913, 'REG.02.724', 'STIMUNO STICKC PACK ORANGE', 0, 0, 1),
(914, 'REG.03.2057', 'HERBACOLD TAB', 0, 0, 1),
(916, 'REG.02.244', 'HERBAKOF STICK PACK', 0, 0, 1),
(918, 'REG.02.899', 'NOVAMAG SYR', 0, 0, 1),
(919, 'REG.03.2058', 'BISOLVON TABLET', 0, 0, 1),
(920, 'REG.02.1008', 'BISOLVON EXTRA SYR 60 ML', 0, 0, 1),
(921, 'REG.07.567', 'ANDALAN SINOPLANT', 0, 0, 1),
(922, 'REG.03.664', 'MELOXICAM 7,5 MG', 0, 0, 1),
(923, 'REG.07.568', 'HEATING SET', 0, 0, 1),
(924, 'REG.02.900', 'SIDIADRIL SYR', 0, 0, 1),
(925, 'REG.02.767', 'TRIAMINIC EXP 60 ML', 0, 0, 1),
(926, 'REG.05.194', 'COUNTERPAIN 30 GRAM', 0, 0, 1),
(927, 'REG.02.106', 'BETADIN 15 ML', 0, 0, 1),
(929, 'REG.02.963', 'Y-RINS 120ML', 0, 0, 1),
(930, 'REG.02.901', 'RIVANOL 100 ML', 0, 0, 1),
(931, 'REG.06.147', 'HANSAPLAST ROLL 0.5X5', 0, 0, 1),
(932, 'REG.03.1367', 'IMODIUM TAB', 0, 0, 1),
(933, 'REG.02.262', 'Dextrose 40%', 0, 0, 1),
(934, 'REG.01.025', 'ATROPIN SULFAT', 0, 0, 1),
(935, 'REG.02.902', 'MADU BALITA', 0, 0, 1),
(936, 'REG.02.407', 'INTRIZIN SIRUP', 0, 0, 1),
(937, 'REG.02.499', 'MKP GAJAH 120 ML', 0, 0, 1),
(938, 'REG.03.039', 'AMARYL 4 MG', 0, 0, 1),
(939, 'REG.02.903', 'PUSPA KIDS SIRUP', 0, 0, 1),
(940, 'REG.05.155', 'HOTIN STRONG BOTOL 120 ML', 0, 0, 1),
(941, 'REG.02.076', 'ASEPTIC GEL 5 L', 0, 0, 1),
(942, 'REG.03.2059', 'ASMASOLON', 0, 0, 1),
(943, 'REG.02.905', 'CAVIPLEX SIRUP', 0, 0, 1),
(944, 'REG.05.093', 'STESOLID SUPP', 0, 0, 1),
(945, 'REG.03.2060', 'FITKOM GUMMY FRUIT & VEGGIE (HIJAU) 5\'S', 0, 0, 1),
(946, 'REG.02.906', 'PEDITOX ', 0, 0, 1),
(947, 'REG.05.023', 'GENTAMICIN ZK', 0, 0, 1),
(948, 'REG.03.2061', 'VIT C IPI ', 0, 0, 1),
(949, 'REG.03.832', 'PIROXICAM 10 MG', 0, 0, 1),
(950, 'REG.02.589', 'PARACETAMOL DROP', 0, 0, 1),
(952, 'REG.03.1503', 'RAVALGIN 500 MG', 0, 0, 1),
(953, 'REG.03.1094', 'VITALONG C STRIP', 0, 0, 1),
(954, 'REG.06.148', 'PAMPERS DEWASA', 0, 0, 1),
(955, 'REG.03.2062', 'ESTER C EFERVESCENT', 0, 0, 1),
(956, 'REG.02.907', 'VICKS F 44 ANAK SYR', 0, 0, 1),
(957, 'REG.05.200', 'GELIGA STICK', 0, 0, 1),
(958, 'REG.01.240', 'NEUROTROPIC INJ ', 0, 0, 1),
(959, 'REG.03.2063', 'LEXATRANS', 0, 0, 1),
(960, 'REG.05.108', 'ZOLAGEL CREAM', 0, 0, 1),
(961, 'REG.02.240', 'CYTOTETIN SYR', 0, 0, 1),
(962, 'REG.05.201', 'KLORFESON SALEP', 0, 0, 1),
(963, 'REG.03.313', 'DOXYXICLIN TAB', 0, 0, 1),
(964, 'REG.02.503', 'MOLAFAT SYR', 0, 0, 1),
(965, 'REG.03.2064', 'ALDISA SR', 0, 0, 1),
(966, 'REG.03.2065', 'ADONA TAB', 0, 0, 1),
(967, 'REG.03.2066', 'PROCOL FLU', 0, 0, 1),
(968, 'REG.03.2067', 'PROCOL FLU & BATUK', 0, 0, 1),
(969, 'REG.05.202', 'MELANOX ZK', 0, 0, 1),
(970, 'REG.05.073', 'MEBO', 0, 0, 1),
(972, 'REG.03.392', 'GLUCOSAMIN TAB', 0, 0, 1),
(973, 'REG.02.908', 'HUFAGRIP TMP MERAH', 0, 0, 1),
(974, 'REG.02.381', 'HUFAGRIP PILEK KUNING', 0, 0, 1),
(977, 'REG.05.186', 'HOTIN CREAM AROMATERAPY 60 ML', 0, 0, 1),
(978, 'REG.05.185', 'HOTIN CREAM HOT 120 ML', 0, 0, 1),
(979, 'REG.03.2068', 'FISHERMAN ', 0, 0, 1),
(980, 'REG.06.149', 'KOOL FEVER BAYI', 0, 0, 1),
(981, 'REG.05.203', 'GPU KRIM PALA 60 GR', 0, 0, 1),
(982, 'REG.05.204', 'GPU KRIM JAHE 60 GR', 0, 0, 1),
(983, 'REG.02.908', 'MEA ROSE 60 ML', 0, 0, 1),
(984, 'REG.02.909', 'MEA LAVENDER 60 ML ', 0, 0, 1),
(985, 'REG.02.910', 'MEA GRENTEA 60 ML', 0, 0, 1),
(986, 'REG.03.685', 'MATRIX 3 MG', 0, 0, 1),
(987, 'REG.03.685', 'METRIX 3 MG', 0, 0, 1),
(988, 'REG.04.081', 'HEPATOSOL', 0, 0, 1),
(991, 'REG.02.911', 'MKP LANG PLUS 30 ML', 0, 0, 1),
(992, 'REG.02.912', 'MKP LANG PLUS 60 ML', 0, 0, 1),
(993, 'REG.02.913', 'MKP LANG EUKALIPTUS 60 ML', 0, 0, 1),
(994, 'REG.02.500', 'MKP LANG 210 ML', 0, 0, 1),
(995, 'REG.02.914', 'GPU PALA 30 ML', 0, 0, 1),
(996, 'REG.03.1485', 'DRAMAMIN TAB ', 0, 0, 1),
(997, 'REG.03.2069', 'FISHERMAN PERMEN', 0, 0, 1),
(998, 'REG.03.398', 'KAPSUL 00', 0, 0, 1),
(999, 'REG.02.915', 'ANTIMO ANAK STRAWBERRY', 0, 0, 1),
(1000, 'REG.02.916', 'ANTIMO ANAK HERBAL', 0, 0, 1),
(1001, 'REG.02.917', 'MADU TJ MURNI', 0, 0, 1),
(1002, 'REG.02.918', 'MADU TJ SUPER`', 0, 0, 1),
(1003, 'REG.02.919', 'MADU TJ KURMA', 0, 0, 1),
(1004, 'REG.02.920', 'MADU TJ SACH JERUK', 0, 0, 1),
(1005, 'REG.02.921', 'MADU TJ SACH STRAWBERYY', 0, 0, 1),
(1006, 'REG.01.425', 'LEVEMIR ', 0, 0, 1),
(1007, 'REG.07.936', 'SELANG OKSIGEN ANAK', 0, 0, 1),
(1008, 'REG.03.331', 'EPERISON HCL', 0, 0, 1),
(1010, 'REG.07.569', 'SILK 3/0 + 1/2 GT', 0, 0, 1),
(1011, 'REG.03.1131', 'PARATUSIN TAB ', 0, 0, 1),
(1012, 'REG.03.2070', 'PERMEN ANTANGIN ', 0, 0, 1),
(1013, 'REG.05.205', 'ASEPSO+ REGULER', 0, 0, 1),
(1017, 'REG.02.707', 'SILEX SIRUP', 0, 0, 1),
(1019, 'REG.03.2033', 'METAMIZOLE SODIUM', 0, 0, 1),
(1020, 'REG.07.570', 'TIMBANGAN BERDIRI', 0, 0, 1),
(1021, 'REG.07.571', 'OTOSKOP', 0, 0, 1),
(1022, 'REG.07.463', 'jarum jahit heacting', 0, 0, 1),
(1023, 'REG.03.1351', 'NOPERTEN 5MG', 0, 0, 1),
(1024, 'REG.03.539', 'INTIDROL ENSEVAL', 0, 0, 1),
(1025, 'REG.02.691', 'SEDROFEN ENSE', 0, 0, 1),
(1026, 'REG.03.2044', 'FITCOM GUMMY FIBER MERAH', 0, 0, 1),
(1027, 'REG.03.2072', 'VIT C KLG DEWINTA', 0, 0, 1),
(1028, 'REG.02.922', 'OBH BERLICO', 0, 0, 1),
(1029, 'REG.02.923', 'BETADIN 5ML', 0, 0, 1),
(1030, 'REG.05.186', 'HOTIN STROMG 60', 0, 0, 1),
(1031, 'REG.05.002', 'THROMBOFOP 10', 0, 0, 1),
(1032, 'REG.73.575', 'KAPSUL 0', 0, 0, 1),
(1033, 'REG.03.2073', 'NATUR E 16S SMALL PACK', 0, 0, 1),
(1034, 'REG.05.168', 'mometason', 0, 0, 1),
(1035, 'REG.02.924', 'SELTIFORT', 0, 0, 1),
(1036, 'REG.02.925', 'MADU SARI 250', 0, 0, 1),
(1037, 'REG.02.926', 'MADU SARI 120', 0, 0, 1),
(1038, 'REG.02.927', 'MADU SARI SUPERIOR', 0, 0, 1),
(1039, 'REG.02.928', 'MADU SARI BALITA', 0, 0, 1),
(1040, 'REG.02.929', 'MADU SARI 650', 0, 0, 1),
(1041, 'REG.05.120', 'KALPANAX 5', 0, 0, 1),
(1042, 'REG.03.2074', 'SAKATONIK LIVER KAP', 0, 0, 1),
(1043, 'REG.01.027', 'ATS', 0, 0, 1),
(1044, 'REG.02.247', 'D40', 0, 0, 1),
(1045, 'REG.03.2075', 'fitkom gummy vit c dan zinc', 0, 0, 1),
(1046, 'REG.03.272', 'DEXA M', 0, 0, 1),
(1047, 'REG.03.2076', 'LEXAGIN', 0, 0, 1),
(1048, 'REG.03.2077', 'GO FIT GUMMY', 0, 0, 1),
(1050, 'REG.05.198', 'GPU KR SEREH 10GR', 0, 0, 1),
(1051, 'REG.02.930', 'MEA ROSE 30', 0, 0, 1),
(1052, 'REG.73.255', 'curcuma fct cap', 0, 0, 1),
(1054, 'REG.01.295', 'PRIMPERAN INJ', 0, 0, 1),
(1055, 'REG.02.724', 'STIMUNO STICK', 0, 0, 1),
(1056, 'REG.07.572', 'MASKER JILBAB', 0, 0, 1),
(1057, 'REG.07.112', 'MASKER SURGICAL 3PLY', 0, 0, 1),
(1058, 'REG.07.640', 'NEEDLE 23 ONEMED', 0, 0, 1),
(1059, 'REG.07.573', 'DENTAL FLOSS', 0, 0, 1),
(1060, 'REG.03.2078', 'VITAPLEX', 0, 0, 1),
(1061, 'REG.02.377', 'HIDROGEN PEROKSIDA', 0, 0, 1),
(1062, 'REG.07.1239', 'STERACAT 20', 0, 0, 1),
(1063, 'REG.07.1237', 'STERACAT 22', 0, 0, 1),
(1064, 'REG.03.2079', 'HISTIGO', 0, 0, 1),
(1065, 'REG.07.567', 'MASKER NEBULE ANAK', 0, 0, 1),
(1066, 'REG.05.188', 'AISHADERM LIGHT DAY CR', 0, 0, 1),
(1067, 'REG.05.189', 'NATASHA LIGHT NIGHT CR', 0, 0, 1),
(1068, 'REG.05.190', 'NATASHA BRIGHT DAY CR', 0, 0, 1),
(1069, 'REG.05.191', 'NATASHA GREEN TEA DAY CR', 0, 0, 1),
(1070, 'REG.02.932', 'AISHADERM FEMININ HYG', 0, 0, 1),
(1071, 'REG.05.187', 'AISHADERM HEALTHY MOIST BL', 0, 0, 1),
(1072, 'REG.03.017', 'ADONA', 0, 0, 1),
(1073, 'REG.03.447', 'GLUCOSAMIN TAB', 0, 0, 1),
(1074, 'REG.03.447', 'GLUCOSAMIN TAB', 0, 0, 1),
(1075, 'REG.03.642', 'LOPAMID TAB', 0, 0, 1),
(1076, 'REG.07.574', 'MASKER SENSI', 0, 0, 1),
(1077, 'REG.07.570', 'MASKER HIJAB', 0, 0, 1),
(1078, 'REG.07.575', 'NEEDLE 25', 0, 0, 1),
(1079, 'REG.07.568', 'MASKER OX ANAK', 0, 0, 1),
(1080, 'REG.07.570', 'MASKER OX DEWASA', 0, 0, 1),
(1082, 'REG.06.078', 'U PAD STERIL', 0, 0, 1),
(1083, 'REG.07.361', 'FOLEY CATETER', 0, 0, 1),
(1084, 'REG.04.082', 'TROPICANA SLIM 100', 0, 0, 1),
(1085, 'REG.02.933', 'BISOLVON KIDS', 0, 0, 1),
(1086, 'REG.02.556', 'OBH NELLCO ANAK JERUK', 0, 0, 1),
(1087, 'REG.02.767', 'TRIAMINIC EKSPEKTORAN', 0, 0, 1),
(1088, 'REG.02.833', 'CUKA APEL', 0, 0, 1),
(1089, 'REG.02.391', 'IMBOOST KIDS SYR', 0, 0, 1),
(1090, 'REG.02.724', 'STIMUNO STICK', 0, 0, 1),
(1091, 'REG.02.834', 'PROSIC', 0, 0, 1),
(1092, 'REG.02.960', 'TEMPRA', 0, 0, 1),
(1093, 'REG.02.835', 'POLYSILANE SYR', 0, 0, 1),
(1094, 'REG.02.836', 'KUNYIT ASAM', 0, 0, 1),
(1095, 'REG.02.851', 'QNC GAMAT', 0, 0, 1),
(1096, 'REG.03.1118', 'XON CE GUMMY', 0, 0, 1),
(1097, 'REG.05.149', 'ALLOCLAIR', 0, 0, 1),
(1098, 'REG.02.103', 'BETADIN FEMININ', 0, 0, 1),
(1099, 'REG.03.046', 'AMINOFILIN', 0, 0, 1),
(1100, 'REG.02.837', 'DETTOL HAND S', 0, 0, 1),
(1101, 'REG.03.2001', 'FITUNO', 0, 0, 1),
(1102, 'REG.06.141', 'KOOL FEVER SACH', 0, 0, 1),
(1103, 'REG.02.838', 'GPU NUTMEG OIL', 0, 0, 1),
(1104, 'REG.05.198', 'GPU 150 ', 0, 0, 1),
(1105, 'REG.02.839', 'KONICARE GEL PEMB', 0, 0, 1),
(1106, 'REG.02.840', 'KOMIX JERUK NIPIS', 0, 0, 1),
(1107, 'REG.03.2002', 'KONIDIN HIJAU', 0, 0, 1),
(1108, 'REG.05.073', 'MEBO', 0, 0, 1),
(1109, 'REG.02.841', 'BINTANG TUJUH', 0, 0, 1),
(1110, 'REG.03.2003', 'CEREBROFORT MIX FUIT FISH OIL', 0, 0, 1),
(1111, 'REG.05.150', 'ENZIM MIXDENT', 0, 0, 1),
(1112, 'REG.02.842', 'IFARSYL', 0, 0, 1),
(1113, 'REG.02.843', 'OBH TROPICA EXTRA MENTHOL', 0, 0, 1),
(1114, 'REG.02.879', 'CALLUSOL', 0, 0, 1),
(1115, 'REG.07.565', 'ALTAMED', 0, 0, 1),
(1116, 'REG.07.572', 'MASKER SURGICAL HIJAB 3PLY', 0, 0, 1),
(1117, 'REG.03.2004', 'FIMESTAN', 0, 0, 1),
(1118, 'REG.03.2005', 'CDR SWEET EFF 10S', 0, 0, 1),
(1119, 'REG.03.2006', 'CDR EFF ORANGE 15S', 0, 0, 1),
(1120, 'REG.03.2007', 'CURCUMA PLUS GO TAL TAB', 0, 0, 1),
(1121, 'REG.03.2008', 'IMBOOST LOZ JAHE MINT 5X10', 0, 0, 1),
(1122, 'REG.02.844', 'VESPERUM', 0, 0, 1),
(1123, 'REG.02.845', 'PROMAG SIRUP', 0, 0, 1),
(1124, 'REG.03.2009', 'LEXIGO', 0, 0, 1),
(1125, 'REG.07.567', 'ALTAMED GLOVE M', 0, 0, 1),
(1126, 'REG.03.2010', 'FISHERMAN LEMON', 0, 0, 1),
(1127, 'REG.03.2011', 'HOLISTICARE EFF ORANGE', 0, 0, 1),
(1128, 'REG.03.2012', 'FISHERMAN CITRUS', 0, 0, 1),
(1129, 'REG.02.846', 'STIMUNO SYR ORANGE BERRY 100', 0, 0, 1),
(1130, 'REG.05.151', 'NEO RHEUMASON NELCO', 0, 0, 1),
(1131, 'REG.03.2013', 'MYCROGYNON', 0, 0, 1),
(1132, 'REG.02.490', 'MINYAK TELON 30ML', 0, 0, 1),
(1133, 'REG.07.568', 'ALTAMED GLOVE S', 0, 0, 1),
(1134, 'REG.03.285', 'DIANE', 0, 0, 1),
(1135, 'REG.05.152', 'BALSEM CAP KAKI TIGA', 0, 0, 1),
(1136, 'REG.03.857', 'PRIMOLUT', 0, 0, 1),
(1137, 'REG.02.880', 'PLOSSA EUCALY', 0, 0, 1),
(1138, 'REG.02.881', 'PLOSSA REDHOT', 0, 0, 1),
(1139, 'REG.02.847', 'MOLEX FLU', 0, 0, 1),
(1140, 'REG.02.850', 'GLIMUNOS SYR', 0, 0, 1),
(1141, 'REG.05.030', 'CHIBY BABY BALM CREAM', 0, 0, 1),
(1142, 'REG.05.154', 'LAXAREC GEL', 0, 0, 1),
(1143, 'REG.02.852', 'MADU EXTRAGA 625', 0, 0, 1),
(1144, 'REG.02.853', 'MADU BALITA 150', 0, 0, 1),
(1145, 'REG.02.854', 'MADU ROYAL JELLY 110', 0, 0, 1),
(1146, 'REG.02.855', 'MADU ROYAL JELLY 150', 0, 0, 1),
(1147, 'REG.02.856', 'MADU ROYAL JELLY 250', 0, 0, 1),
(1148, 'REG.02.857', 'MADU KELENGKENG 150', 0, 0, 1),
(1149, 'REG.02.858', 'MADU KELENGKENG 250', 0, 0, 1),
(1150, 'REG.02.859', 'MADU KELENGKENG 625', 0, 0, 1),
(1151, 'REG.02.860', 'MADU BEE POLLEN 150', 0, 0, 1),
(1152, 'REG.02.861', 'MADU BEE POLLEN 250', 0, 0, 1),
(1153, 'REG.02.862', 'MADU BEE POLLEN 625', 0, 0, 1),
(1154, 'REG.02.863', 'MADU HITAM KALENCENG 150', 0, 0, 1),
(1155, 'REG.02.864', 'MADU HITAM KALENCENG 300', 0, 0, 1),
(1156, 'REG.02.020', 'ALKOHOL 70% 5L', 0, 0, 1),
(1157, 'REG.03.2014', 'THIAMFILEX', 0, 0, 1),
(1158, 'REG.03.2015', 'BIMASTAN', 0, 0, 1),
(1159, 'REG.03.2016', 'DEXAHARSEN 0.5MG', 0, 0, 1),
(1160, 'REG.02.882', 'V FRESH LAVENDER', 0, 0, 1),
(1161, 'REG.02.865', 'MAMO (MNYK ANGIN)', 0, 0, 1),
(1162, 'REG.02.866', 'V FRESH GREEN TEA', 0, 0, 1),
(1163, 'REG.03.2017', 'CEREBROFORT ANGGUR', 0, 0, 1),
(1164, 'REG.02.867', 'WOODS HERBAL 60 SYR', 0, 0, 1),
(1165, 'REG.03.2018', 'WOODZ LOZ BLACKCURRANT', 0, 0, 1),
(1166, 'REG.03.1114', 'WOODS LOZ HONEY LEMON', 0, 0, 1),
(1167, 'REG.03.2019', 'WOODS LOZ ORANGE', 0, 0, 1),
(1168, 'REG.02.087', 'BABY COUGH', 0, 0, 1),
(1169, 'REG.03.2020', 'VITACIMIN BLUEBERRY', 0, 0, 1),
(1170, 'REG.03.2021', 'VITACIMIN FRUIT PUNCH', 0, 0, 1),
(1171, 'REG.04.056', 'PROBIOKID', 0, 0, 1),
(1172, 'REG.03.862', 'PROLIC', 0, 0, 1),
(1173, 'REG.05.065', 'MOLADERM (MICONAZOL)', 0, 0, 1),
(1174, 'REG.02.321', 'FESHCARE SPORT', 0, 0, 1),
(1175, 'REG.02.321', 'FRESHCARE SPORT', 0, 0, 1),
(1176, 'REG.02.493', 'MKP PLUS 30', 0, 0, 1),
(1177, 'REG.02.494', 'MKP PLUS 60', 0, 0, 1),
(1179, 'REG.02.871', 'INFATRIM', 0, 0, 1),
(1180, 'REG.05.166', 'FEXAZOL (KETOCONAZOL)', 0, 0, 1),
(1181, 'REG.05.175', 'CALADIN 60 LOT ML', 0, 0, 1),
(1182, 'REG.03.2022', 'EGOJI CHEWY GUM JERUK', 0, 0, 1),
(1183, 'REG.03.2023', 'EGOJI CHEWY GUM STRAWBERRY', 0, 0, 1),
(1184, 'REG.02.111', 'BIOLYSIN SMART SYR 60', 0, 0, 1),
(1185, 'REG.03.2024', 'BIOLYSIN KIDS ORANGE TAB', 0, 0, 1),
(1186, 'REG.03.2025', 'BIOLYSIN KIDS STRAW TAB', 0, 0, 1),
(1187, 'REG.03.2026', 'BIOLYSIN KIDS BLACKCURRANT TAB', 0, 0, 1),
(1189, 'REG.02.238', 'CURCUMA PLUS SHARPY STRAW', 0, 0, 1),
(1190, 'REG.02.872', 'CURCUMA PLUS SHARPY BLACKCURR', 0, 0, 1),
(1191, 'REG.02.237', 'CURCUMA PLUS SHARPY ORANGE', 0, 0, 1),
(1192, 'REG.03.2027', 'INFATRIM TAB', 0, 0, 1),
(1193, 'REG.03.091', 'ATORVASTATIN 20 TAB', 0, 0, 1),
(1194, 'REG.06.142', 'LEUCOPLAST 1X2.5 CM', 0, 0, 1),
(1195, 'REG.02.873', 'BETADIN KUMUR 190 ML', 0, 0, 1),
(1196, 'REG.02.092', 'BATUGIN ELIXIR 300', 0, 0, 1),
(1197, 'REG.03.558', 'JAGUAR KONS', 0, 0, 1),
(1198, 'REG.02.874', 'HERBANGIN HABBATUS KONS', 0, 0, 1),
(1199, 'REG.02.875', 'MADU ENAK STICK KONS', 0, 0, 1),
(1200, 'REG.03.2031', 'PUTRI MANJAKANI KONS', 0, 0, 1),
(1201, 'REG.02.876', 'HERBANGIN SYR KONS', 0, 0, 1),
(1202, 'REG.02.877', 'HERBANGIN SYR BOX KONS', 0, 0, 1),
(1203, 'REG.07.500', 'KOTAK P3K ', 0, 0, 1),
(1204, 'REG.06.143', 'LEUCOPLAST 1.25X4.5', 0, 0, 1),
(1205, 'REG.02.411', 'IODINE POVIDON 300ML', 0, 0, 1),
(1206, 'REG.03.2028', 'CYLOWAM (CIPRO)', 0, 0, 1),
(1207, 'REG.03.2030', 'FORBONE FORTE (GLUCOSAMIN)', 0, 0, 1);
INSERT INTO `m_obat` (`id`, `kode_obat`, `nama_obat`, `total_qty`, `harga_jual`, `status`) VALUES
(1208, 'REG.02.868', 'PRONIS ANGGUR', 0, 0, 1),
(1209, 'REG.02.870', 'PRONIS JERUK', 0, 0, 1),
(1210, 'REG.02.869', 'PRONIS STRAWB', 0, 0, 1),
(1211, 'REG.02.302', 'FARMACROL FORTE SYR', 0, 0, 1),
(1212, 'REG.02.802', 'VICKS F44 100ML', 0, 0, 1),
(1213, 'REG.03.1102', 'VOLTAREN TAB 50 MG', 0, 0, 1),
(1214, 'REG.06.140', 'LEUCOPLAST 4.5X2.5', 0, 0, 1),
(1215, 'REG.01.083', 'CORTIDEX INJEKSI', 0, 0, 1),
(1216, 'REG.04.082', 'STMJ SUSU', 0, 0, 1),
(1217, 'REG.05.300', 'VICKS VAPORUB 50 GR', 0, 0, 1),
(1218, 'REG.03.2083', 'GALTAREN (NA. DIK) 50MG', 0, 0, 1),
(1219, 'REG.03.2084', 'KONIPID (AMLODIPIN 5 TAB)', 0, 0, 1),
(1220, 'JKN.03.2085', 'DEXA M* (BPJS)', 0, 0, 1),
(1221, 'JKN.03.2086', 'ANTASIDA DOEN* (BPJS)', 0, 0, 1),
(1222, 'JKN.05.98', 'HIDROCORTISON ZK* (BPJS)', 0, 0, 1),
(1223, 'JKN.03.051', 'RANITIDIN TAB* (BPJS)', 0, 0, 1),
(1224, 'JKN.03.2087', 'CAPTOPRIL  TAB* (BPJS)', 0, 0, 1),
(1225, 'JKN.03.2088', 'SALBUTAMOL 4 TAB* (BPJS)', 0, 0, 1),
(1226, 'JKN.03.2089', 'METAMIZOL TAB*(BPJS)', 0, 0, 1),
(1227, 'JKN.03.2090', 'CETIRIZIN TAB* (BPJS)', 0, 0, 1),
(1228, 'REG.05.99', 'ENZIM ANAK STRAWBERRY', 0, 0, 1),
(1229, 'REG.04.250', 'SALICYL FRESH', 0, 0, 1),
(1230, '310.02.1009', 'SAFE CARE UECA 5 ML', 0, 0, 1),
(1231, 'REG.02.1009', 'FRESHCARE KAYU PUTIH', 0, 0, 1),
(1232, 'REG.03.2085', 'NASAMEX FORTE', 0, 0, 1),
(1233, '310.07.1451', 'MORTIR DAN STAMPER', 0, 0, 1),
(1234, 'REG.03.2086', 'CURCUMA FCT', 0, 0, 1),
(1235, 'REG.03.2087', 'VITACIMIN ORANGE ', 0, 0, 1),
(1236, 'REG.02.1010', 'AILIN TM', 0, 0, 1),
(1237, 'REG.02.1011', 'IMBOOST FORCE SYR 120ML', 0, 0, 1),
(1238, 'REG.03.2088', 'STOBLED ', 0, 0, 1),
(1239, 'REG.03.2089', 'FITBON CAPL', 0, 0, 1),
(1240, 'REG.03.2090', 'ACRAN 150', 0, 0, 1),
(1241, 'REG.02.1012', 'GPU JAHE 60ML', 0, 0, 1),
(1242, 'REG.02.1013', 'GPU PALA 60ML', 0, 0, 1),
(1244, 'REG.03.2091', 'STATOR 10MG', 0, 0, 1),
(1245, 'REG.07.1451', 'PINSET ANATOMI', 0, 0, 1),
(1246, 'REG.07.1452', 'PINSET CIRUGIS', 0, 0, 1),
(1247, 'REG.02.1015', 'ERLAMOL SYR', 0, 0, 1),
(1248, 'REG.03.2092', 'ANALTRAM', 0, 0, 1),
(1249, 'REG.02.1016', 'PINKID\'S COUGH SYR', 0, 0, 1),
(1250, 'REG.04.251', 'GARAM LOSOSA 250GRAM', 0, 0, 1),
(1251, 'REG.04.252', 'GARAM LOSOSA 500GRAM', 0, 0, 1),
(1252, 'REG.07.1453', 'TENSOCRAPE 3\" INCH', 0, 0, 1),
(1253, 'REG.01.885', 'CEFOTAXIME INJ', 0, 0, 1),
(1254, 'REG.07.1454', 'INTROCANT 22', 0, 0, 1),
(1255, 'REG.07.1455', 'INTROCANT 24', 0, 0, 1),
(1256, 'REG.03.2093', 'ASTHIN B-ONE', 0, 0, 1),
(1257, 'REG.03.2094', 'FITBON PLUS', 0, 0, 1),
(1258, 'REG.03.2095', 'VOLA TABLET ( DOMPERIDON)', 0, 0, 1),
(1259, 'REG.07.1456', 'FACE MASK CHILD EAR LOOP', 0, 0, 1),
(1260, 'REG.03.2096', 'LAMESON (METHYL)', 0, 0, 1),
(1261, 'REG.02.1017', 'L-ZINC SYR', 0, 0, 1),
(1262, 'REG.02.1018', 'LASAL NEBULE', 0, 0, 1),
(1263, 'REG.03.2097', 'CEFILA (CEFIXIM)', 0, 0, 1),
(1264, 'REG.02.1019', 'STIMUNO SYR GRAPE', 0, 0, 1),
(1265, 'REG.02.1020', 'MINYAK GONDOPURO', 0, 0, 1),
(1266, 'REG.02.1021', 'ERLA TM PLUS 5ML', 0, 0, 1),
(1267, 'REG.02.1022', 'KAOTIN SUSPENSI', 0, 0, 1),
(1268, 'REG.03.1349', 'MICARDIS 40 MG/20 TAB', 0, 0, 1),
(1269, 'REG.03.2098', 'ATORVASTATIN 10 MG TAB', 0, 0, 1),
(1270, 'REG.02.1023', 'RHEUMASON AROMATERAPI', 0, 0, 1),
(1271, 'REG.05.301', 'RHEUMASON CLASIC CREAM', 0, 0, 1),
(1272, 'REG.02.1024', 'CEFILA SYR ', 0, 0, 1),
(1273, 'REG.07.1457', 'JARUM JAHIT 11', 0, 0, 1),
(1274, 'REG.07.1458', 'JARUM JAHIT 14', 0, 0, 1),
(1275, 'REG.02.1025', 'DULCOLACTOL SYR', 0, 0, 1),
(1276, 'REG.03.1347', 'MYONEP', 0, 0, 1),
(1277, 'REG.03.2099', 'LAPIFED TABLET', 0, 0, 1),
(1278, 'REG.03.2100', 'OSKOM CAPLET', 0, 0, 1),
(1279, 'REG.05.302', 'SAGESTAM ZK', 0, 0, 1),
(1280, 'REG.05.303', 'ASEPSO SULPHUR', 0, 0, 1),
(1281, 'REG.05.304', 'ASEPSO FRESH', 0, 0, 1),
(1282, 'REG.03.2101', 'ASEPSO CLEAN', 0, 0, 1),
(1283, 'REG.03.2102', 'CETEEM', 0, 0, 1),
(1284, 'REG.07.1459', 'CHKM GIGI', 0, 0, 1),
(1285, 'REG.07.1460', 'SCANDONEST/ SEPTODONT GIGI', 0, 0, 1),
(1286, 'REG.07.1461', 'Z250 XT GIGI', 0, 0, 1),
(1287, 'REG.07.1462', 'NITI 0.16 GIGI', 0, 0, 1),
(1288, 'REG.07.1463', 'POWER O GIGI', 0, 0, 1),
(1289, 'REG.07.1464', 'ELITE CEMENT GIGI', 0, 0, 1),
(1290, 'REG.07.1465', 'ALGINAT AROMA GIGI', 0, 0, 1),
(1291, 'REG.07.1466', 'PAPER PAD GIGI', 0, 0, 1),
(1292, 'REG.07.1467', 'BONDING GIGI', 0, 0, 1),
(1293, 'REG.07.1468', 'FUJI GIGI', 0, 0, 1),
(1294, 'REG.07.1469', 'CEVITRON GIGI', 0, 0, 1),
(1295, 'REG.03.2103', 'LEXADIUM (LOPERAMID)', 0, 0, 1),
(1296, 'REG.02.1026', 'STIMUNO ORANGE BERRY 60ML', 0, 0, 1),
(1297, 'REG.02.1027', 'STIMUNO GRAPE 100ML', 0, 0, 1),
(1299, 'REG.03.2105', 'TABLET TAMBAH DARAH KF', 0, 0, 1),
(1300, 'REG.02.1028', 'GLISEROL TETES TELINGA', 0, 0, 1),
(1301, 'REG.03.2106', 'LASGAN TAB (ESOME)', 0, 0, 1),
(1302, '310.13.416', 'GABAPENTIN 300 MG TAB', 0, 0, 1),
(1303, 'REG.07.262', 'DISPO 3CC NIPRO', 0, 0, 1),
(1304, 'REG.03.2107', 'RENABETIC (GLIBENCLAMID)', 0, 0, 1),
(1305, 'REG.01.024', 'ASAM TRANEXSAMAT INJ', 0, 0, 1),
(1306, 'REG.02.021', 'DEKTROSE 40%', 0, 0, 1),
(1307, 'REG.03.2108', 'FASTOR 20MG (ATORVASTATIN)', 0, 0, 1),
(1309, 'REG.07.1470', 'TORNIQUET', 0, 0, 1),
(1310, 'REG.02.1029', 'OBH COMBI BF PINK STRAW', 0, 0, 1),
(1311, 'REG.02.1030', 'OBH COMBI BATUK PILEK', 0, 0, 1),
(1312, 'REG.02.1031', 'MEA LAVENDER 30ML', 0, 0, 1),
(1313, 'REG.01.199', 'LAPIBAL INJ (MECOBALAMIN)', 0, 0, 1),
(1314, 'REG.02.1032', 'LAPIMOX FORTE 250 SYR (AMOXICILIN)', 0, 0, 1),
(1315, 'REG.03.2110', 'CLINMAS TAB (CLINDAMICIN)', 0, 0, 1),
(1317, 'REG.07.1471', 'JARUM MANI 24', 0, 0, 1),
(1318, 'REG.07.1472', 'JARUM MANI 32', 0, 0, 1),
(1319, 'REG.02.1033', 'ALLOCLAIR PLUS MOUTHWASH', 0, 0, 1),
(1320, 'REG.02.735', 'TANTUM VERDE 60 ML', 0, 0, 1),
(1321, 'REG.03.1446', 'FASTOR 10 MG (ATORVASTATIN)', 0, 0, 1),
(1322, 'REG.07.1473', 'SILK 2/0 ', 0, 0, 1),
(1323, 'REG.03.2111', 'FITCOM GUMMY MINI - C', 0, 0, 1),
(1324, 'REG.03.2112', 'ACLAM ', 0, 0, 1),
(1325, 'REG.05.305', 'ENZIM ANAK TUTY FRUTY', 0, 0, 1),
(1326, 'REG.02.1034', 'WOODS COUGH SYR 100 ML', 0, 0, 1),
(1327, 'REG.02.1035', 'FITOCARE MTL 50ML', 0, 0, 1),
(1328, 'REG.02.1036', 'LEXADON SYR (DOMPERIDON)', 0, 0, 1),
(1329, 'REG.03.2113', 'ALLERGEN (CTM)', 0, 0, 1),
(1330, 'REG.07.1474', 'ALAT TUSUK LANCING ', 0, 0, 1),
(1331, 'REG.03.2114', 'LABALIN (PREGABALIN TAB)', 0, 0, 1),
(1332, 'REG.03.2115', 'TIRIZ (CETIRIZIN TAB)', 0, 0, 1),
(1333, 'REG.03.2116', 'DOM (DOMPERIDON TAB LAPI)', 0, 0, 1),
(1334, 'REG.02.1037', 'DOM SYR (DOMPERIDON LAPI)', 0, 0, 1),
(1335, 'REG.03.2117', 'LAPISTAN (ASAM MEFENAMAT LAPI)', 0, 0, 1),
(1336, 'REG.02.1038', 'GOTIK (POVIDON 5ML)', 0, 0, 1),
(1337, 'REG.03.2118', 'FERMIA (TAB TAMBAH DARAH)', 0, 0, 1),
(1338, 'REG.02.1039', 'CURVIPLEX SYR', 0, 0, 1),
(1339, 'REG.07.1475', 'LAKMUS KIA', 0, 0, 1),
(1340, 'REG.02.1040', 'RHELAFEN SYR (IBUPROFEN)', 0, 0, 1),
(1341, 'REG.03.392', 'IMUNOS PLUS TAB', 0, 0, 1),
(1342, 'REG.03.2119', 'LACTRIN KAP (ERDOSTEIN)', 0, 0, 1),
(1343, 'REG.03.2120', 'SANMOL FORTE (PCT 650)', 0, 0, 1),
(1344, 'REG.02.528', 'NEO KAOMINAL SYR ', 0, 0, 1),
(1345, 'REG.03.700', 'MOLAGIT (DIATAB)', 0, 0, 1),
(1346, 'REG.03.2121', 'VISELA (FOLAT)', 0, 0, 1),
(1347, 'REG.03.2122', 'ERKADE N(VIT TULANG)', 0, 0, 1),
(1348, 'REG.03.2123', 'MOLEXFLU TAB', 0, 0, 1),
(1349, 'REG.03.2124', 'GRANTUSIF TAB (DEXTRAL)', 0, 0, 1),
(1350, 'REG.03.2125', 'LANCAR ASI TAB', 0, 0, 1),
(1351, 'REG.06.150', 'TISSU POCKET HAND', 0, 0, 1),
(1352, 'REG.03.2126', 'CITREX GUMMY UPIN', 0, 0, 1),
(1353, 'REG.03.2127', 'CAL 95', 0, 0, 1),
(1354, 'REG.03.2128', 'HEPATIN', 0, 0, 1),
(1355, 'REG.02.060', 'APIALIS DROP', 0, 0, 1),
(1356, 'REG.02.1041', 'PRITAMOX (AMOXICILIN) SYR', 0, 0, 1),
(1357, 'REG.02.1042', 'GRALISIN SYR (MULTIV)', 0, 0, 1),
(1358, 'REG.03.2129', 'PRITANOL 100 (ALLOPURINOL)', 0, 0, 1),
(1359, 'REG.03.1251', 'NONEMI', 0, 0, 1),
(1360, 'REG.03.2130', 'CEFADROXIL 250 MG', 0, 0, 1),
(1361, 'REG.03.626', 'PRITAMOX TAB', 0, 0, 1),
(1362, 'REG.07.1476', 'CATETER URO ONE 16', 0, 0, 1),
(1363, 'REG.03.2131', 'SAKATONIK ABC GUMMY F&V', 0, 0, 1),
(1364, 'REG.07.1477', 'OXYFLOW NASAL CANUL', 0, 0, 1),
(1365, 'REG.07.1478', 'ULTRAFIX 10X5', 0, 0, 1),
(1366, 'REG.07.1479', 'INFUSET MIKRO', 0, 0, 1),
(1367, 'REG.02.590', 'PARACETAMOL INF', 0, 0, 1),
(1368, 'REG.01.019', 'OMEPRAZOLE INJ', 0, 0, 1),
(1369, 'REG.01.063', 'CEFTRIAXON INJ', 0, 0, 1),
(1370, 'REG.02.1043', 'MADU RASA JERUK NIPIS', 0, 0, 1),
(1371, 'REG.02.1044', 'MADU RASA ORIGINAL', 0, 0, 1),
(1372, 'REG.02.320', 'FORUMEN TT', 0, 0, 1),
(1373, 'REG.07.1480', 'DERMAFIX IV 6X7 CM', 0, 0, 1),
(1374, 'REG.03.2132', 'GLIKOS (METFORMIN)', 0, 0, 1),
(1375, 'REG.07.1481', 'TONGUE SPATEL', 0, 0, 1),
(1376, 'REG.02.070', 'AQUABIDEST OTSU 25CC', 0, 0, 1),
(1377, 'REG.07.1482', 'STERIL PREGNANCY', 0, 0, 1),
(1378, 'REG.02.1045', 'FRESHCARE PRESS N RELAX', 0, 0, 1),
(1379, 'REG.02.1046', 'MTL CITRONELLA ', 0, 0, 1),
(1380, 'REG.05.306', 'HOTIN BALSEM EXTRA HOT', 0, 0, 1),
(1381, 'REG.01.398', 'VIT B1 INJ', 0, 0, 1),
(1382, 'REG.03.2133', 'ZECAMEX (CTM)', 0, 0, 1),
(1383, 'REG.05.307', 'ENZIM ORTHODONTIC', 0, 0, 1),
(1384, 'REG.03.2134', 'OSTEOCOM', 0, 0, 1),
(1385, 'REG.02.1047', 'LASERIN MADU SYR', 0, 0, 1),
(1386, 'REG.03.2135', 'LAPICEF CAPS (CEFADROXIL)', 0, 0, 1),
(1387, 'REG.02.1048', 'LAPICEF SYR ( CEFADROXIL)', 0, 0, 1),
(1388, 'REG.02.309', 'RING AS SANBE', 0, 0, 1),
(1389, 'REG.02.1049', 'ASEPSO BODY WASH 250ML', 0, 0, 1),
(1390, 'REG.01.886', 'ODR 4MG INJ (ONDANCENTRON)', 0, 0, 1),
(1391, 'REG.07.1483', 'INFLO IV CATH 20', 0, 0, 1),
(1392, 'REG.06.151', 'MEDICRAPE 3\"INC', 0, 0, 1),
(1393, 'REG.06.152', 'MEDICRAPE 6\" INC', 0, 0, 1),
(1394, 'REG.02.1050', 'IMUNOS PLUS SYR', 0, 0, 1),
(1395, 'REG.03.2136', 'GROW VIT', 0, 0, 1),
(1396, 'REG.03.2137', 'GOOD LIFE VIT C 1000 ', 0, 0, 1),
(1397, 'REG.02.1051', 'LAPIFED SYR', 0, 0, 1),
(1398, 'REG.02.1052', 'LAPIMOX SYR 125MG (CEFADROXIL)', 0, 0, 1),
(1399, 'REG.03.2138', 'EYEVIT TABLET', 0, 0, 1),
(1400, 'REG.07.1484', 'SONDE 16', 0, 0, 1),
(1401, 'REG.07.1485', 'ASEPTIC GEL (KF)', 0, 0, 1),
(1402, 'REG.02.1053', 'LAPICEF SYR 125 (CEFADROXIL)', 0, 0, 1),
(1403, 'REG.07.1486', 'MEDICUT GEA 20', 0, 0, 1),
(1404, 'REG.07.1487', 'MEDICUT GEA 22', 0, 0, 1),
(1405, 'REG.07.1488', 'HEACTING SET', 0, 0, 1),
(1406, 'REG.02.1054', 'MOMILEN SYR', 0, 0, 1),
(1407, 'REG.07.1489', 'ONEMED MOTIF MASK', 0, 0, 1),
(1408, 'REG.02.910', 'INFUSAN D5 1/2', 0, 0, 1),
(1409, 'REG.03.2139', 'SLENDY', 0, 0, 1),
(1410, 'REG.07.1490', 'MASKER CORONA', 0, 0, 1),
(1411, 'REG.02.1055', 'HAND SANITISER 500ML', 0, 0, 1),
(1412, 'REG.07.1491', 'MASKER CORONA 2 ( 20 )', 0, 0, 1),
(1413, 'REG.02.1056', 'HAND SANITISER FRESCO', 0, 0, 1),
(1414, 'REG.03.2140', 'TIRIZ DROP ( CETIRIZIN)', 0, 0, 1),
(1415, 'REG.03.2141', 'LASAL 4MG CAPSUL ( SALBUTAMOL)', 0, 0, 1),
(1416, 'REG.02.1057', 'ALKOHOL 70% 300ML', 0, 0, 1),
(1417, 'REG.02.1058', 'MADU ALJAZIRA', 0, 0, 1),
(1418, 'REG.07.1492', 'MAYO 80', 0, 0, 1),
(1419, 'REG.02.1059', 'ATMACID SYR (ANTASIDA SYR)', 0, 0, 1),
(1420, 'REG.02.1060', 'ONE SCRUB', 0, 0, 1),
(1421, 'REG.07.1493', 'NURSE CAP', 0, 0, 1),
(1422, 'REG.03.012', 'ACYCLOVIR 200* (BPJS)', 0, 0, 1),
(1423, 'REG.02.1061', 'OCTEDIN IKA', 0, 0, 1),
(1424, 'REG.03.053', 'AMOXICILIN TAB * (BP)', 0, 0, 1),
(1425, 'REG.03.635', 'LIVRON TAB* (BP)', 0, 0, 1),
(1426, 'REG.03.025', 'ALLOPURINOL 300 TAB* (BP)', 0, 0, 1),
(1427, 'REG.03.050', 'AMLODIPIN 5MG * (BP)', 0, 0, 1),
(1428, 'REG.03.049', 'AMLODIPIN 10MG* (BP)', 0, 0, 1),
(1429, 'REG.03.080', 'ASAM MEF  TAB* (BP)', 0, 0, 1),
(1430, 'REG.03.202', 'CIPROFLOXACIN * (BP)', 0, 0, 1),
(1431, 'REG.03.502', 'IBUPROFEN TAB* (BP)', 0, 0, 1),
(1432, 'REG.02.1062', 'INFUSAN D5', 0, 0, 1),
(1433, 'JKN.03.024', 'ALLOPURINOL 100MG * (BP)', 0, 0, 1),
(1434, 'JKN.03.2091', 'INFATRIM TABLET * (BP)', 0, 0, 1),
(1435, 'JKN.02.304', 'RECO TM * (BP)', 0, 0, 1),
(1436, 'JKN.01.1', 'RECODYL INJ * (BP)', 0, 0, 1),
(1437, 'JKN.03.2092', 'OMEPRAZOL CAPS * (BP)', 0, 0, 1),
(1438, 'JKN.02.305', 'PRITAMOX SYR * (BP)', 0, 0, 1),
(1439, 'JKN.03.2093', 'ALPARA * (BP)', 0, 0, 1),
(1440, 'JKN.03.2094', 'GLIMEPIRID 2MG* (BP)', 0, 0, 1),
(1441, 'JKN.03.2095', 'GLIMEPIRID 4MG* (BP)', 0, 0, 1),
(1442, 'JKN.02.306', 'ANTASIDA SYR* (BP)', 0, 0, 1);

-- --------------------------------------------------------

--
-- Struktur dari tabel `m_pasien`
--

CREATE TABLE `m_pasien` (
  `id` int(11) NOT NULL,
  `no_pasien` varchar(7) NOT NULL,
  `nik` varchar(16) NOT NULL,
  `no_bpjs` varchar(20) DEFAULT NULL,
  `nama_pasien` varchar(50) NOT NULL,
  `jenis` enum('UMUM','BPJS') NOT NULL
) ENGINE=InnoDB DEFAULT CHARSET=latin1;

--
-- Dumping data untuk tabel `m_pasien`
--

INSERT INTO `m_pasien` (`id`, `no_pasien`, `nik`, `no_bpjs`, `nama_pasien`, `jenis`) VALUES
(4, 'PX00004', '35181304990001', '01R0837249208198', 'Errica Rostia Loren', 'BPJS'),
(7, 'PX00007', '35181302890004', '', 'Lorenzo Aprilia', 'UMUM'),
(8, 'PX00008', '3511110901980009', '01R0837249208199', 'John Sumanto', 'BPJS');

-- --------------------------------------------------------

--
-- Struktur dari tabel `m_supplier`
--

CREATE TABLE `m_supplier` (
  `id` int(11) NOT NULL,
  `kode_supplier` varchar(6) NOT NULL,
  `nama_supplier` varchar(50) NOT NULL
) ENGINE=InnoDB DEFAULT CHARSET=latin1;

--
-- Dumping data untuk tabel `m_supplier`
--

INSERT INTO `m_supplier` (`id`, `kode_supplier`, `nama_supplier`) VALUES
(1, 'SUP001', 'ANTAR MITRA SEMBADA, PT'),
(2, 'SUP002', 'ANUGERAH PHARMINDO LESTARI, PT'),
(3, 'SUP003', 'ANUGRAH ARGON MEDIKA, PT'),
(4, 'SUP004', 'ANUGRAH MITRA JAYA, PT'),
(5, 'SUP005', 'BINA SAN PRIMA, PT'),
(6, 'SUP006', 'DHARMA INTAN MEDIKA, CV'),
(7, 'SUP007', 'DOS NI ROHA, PT'),
(8, 'SUP008', 'INTI SUMBER HASIL SEMPURNA, PT'),
(9, 'SUP009', 'KEBAYORAN PHARMA, PT'),
(10, 'SUP010', 'DAKONAN MAS, PT'),
(11, 'SUP011', 'ENSEVAL PUTERA MEGATRADING, PT'),
(12, 'SUP012', 'MILLENIUM PHARMACON INT, PT'),
(13, 'SUP013', 'KIMIA FARMA, PT'),
(14, 'SUP014', 'MITRA MEDITAMA ABADI, PT'),
(15, 'SUP015', 'MULTI MEDIKA MAKMUR, PT'),
(16, 'SUP016', 'MERAPI UTAMA PHARMA, PT'),
(17, 'SUP017', 'RAJAWALI NUSINDO, PT'),
(18, 'SUP018', 'SAKAJAJA MAKMUR ABADI, PT'),
(19, 'SUP019', 'SURYA SINERGI SEMESTA, PT'),
(20, 'SUP020', 'MEGAH MEDIKA PHARMA, PT'),
(21, 'SUP021', 'BERKAT KURNIA FARMA, PT'),
(22, 'SUP022', 'PARIT PADANG GLOBAL, PT'),
(23, 'SUP023', 'FARMAHUSADA MILLENNIA, PT');

-- --------------------------------------------------------

--
-- Struktur dari tabel `m_user`
--

CREATE TABLE `m_user` (
  `id` int(11) NOT NULL,
  `kode_user` varchar(5) DEFAULT NULL,
  `nama_user` varchar(50) NOT NULL,
  `username` varchar(15) NOT NULL,
  `password` varchar(32) NOT NULL,
  `id_jabatan` int(11) NOT NULL
) ENGINE=InnoDB DEFAULT CHARSET=latin1;

--
-- Dumping data untuk tabel `m_user`
--

INSERT INTO `m_user` (`id`, `kode_user`, `nama_user`, `username`, `password`, `id_jabatan`) VALUES
(1, 'USR01', 'Dr. Akhyar Nur, Yoi, Cuy', 'imyarrr', '0192023a7bbd73250516f069df18b500', 1),
(2, 'USR02', 'Dr. Errica Rostia Loren, Mm. Md.', 'errica', '0192023a7bbd73250516f069df18b500', 2),
(12, 'USR12', 'Dr. Sumiati, Sgm. Milo', 'sumiaticuy', '25d55ad283aa400af464c76d713c07ad', 2),
(13, 'USR13', 'Dr. Joko Andwar, Sksd', 'wetesjok', '25d55ad283aa400af464c76d713c07ad', 3),
(14, 'USR14', 'Palefi Oktojuli', 'paleppa', '25d55ad283aa400af464c76d713c07ad', 3);

--
-- Trigger `m_user`
--
DELIMITER $$
CREATE TRIGGER `auto_kode_user` BEFORE INSERT ON `m_user` FOR EACH ROW BEGIN
	IF NEW.id < 10 THEN
		SET NEW.kode_user = CONCAT("USR0",NEW.id);
	ELSE
		SET NEW.kode_user = CONCAT("USR",NEW.id);
	END IF;
END
$$
DELIMITER ;

-- --------------------------------------------------------

--
-- Struktur dari tabel `t_detail_pembelian`
--

CREATE TABLE `t_detail_pembelian` (
  `id` int(11) NOT NULL,
  `id_pembelian` int(11) NOT NULL,
  `id_obat` int(11) NOT NULL,
  `id_supplier` int(11) NOT NULL,
  `batch` varchar(10) NOT NULL,
  `exp_date` date NOT NULL,
  `qty` int(5) NOT NULL,
  `harga` int(8) NOT NULL,
  `sub_total` bigint(13) NOT NULL
) ENGINE=InnoDB DEFAULT CHARSET=latin1;

--
-- Dumping data untuk tabel `t_detail_pembelian`
--

INSERT INTO `t_detail_pembelian` (`id`, `id_pembelian`, `id_obat`, `id_supplier`, `batch`, `exp_date`, `qty`, `harga`, `sub_total`) VALUES
(5, 15, 1, 1, 'G129100', '2024-07-16', 10, 5300, 53000),
(6, 15, 1, 1, 'G129101', '2024-07-17', 100, 5400, 540000),
(7, 15, 2, 1, 'G129200', '2024-07-16', 100, 10500, 1050000),
(8, 15, 3, 5, 'G129300', '2024-07-16', 100, 7450, 745000),
(9, 15, 3, 5, 'G129301', '2024-07-17', 50, 7450, 372500),
(13, 17, 5, 8, 'G124402', '2024-08-19', 300, 32000, 9600000),
(14, 16, 4, 3, 'G127102', '2024-08-19', 500, 8650, 4325000),
(15, 18, 5, 2, 'G129109', '2024-08-28', 100, 1800, 180000);

--
-- Trigger `t_detail_pembelian`
--
DELIMITER $$
CREATE TRIGGER `t_detail_pembelian_after_delete` AFTER DELETE ON `t_detail_pembelian` FOR EACH ROW BEGIN
DELETE FROM m_detail_obat WHERE id_obat = OLD.id_obat AND id_supplier = OLD.id_supplier AND batch= OLD.batch;
DELETE FROM t_mutasi WHERE no_transaksi=(SELECT no_transaksi FROM t_pembelian WHERE id = OLD.id_pembelian) AND id_obat = OLD.id_obat AND batch=OLD.batch;
END
$$
DELIMITER ;
DELIMITER $$
CREATE TRIGGER `t_detail_pembelian_after_insert` AFTER INSERT ON `t_detail_pembelian` FOR EACH ROW BEGIN
UPDATE t_pembelian SET total_qty = (SELECT SUM(qty) FROM t_detail_pembelian WHERE id_pembelian=NEW.id_pembelian), total_harga= (SELECT SUM(sub_total) FROM t_detail_pembelian WHERE id_pembelian=NEW.id_pembelian) WHERE id=NEW.id_pembelian;
INSERT INTO m_detail_obat VALUES (NULL,NEW.id_obat, NEW.id_supplier, NEW.batch, (SELECT tgl_pembelian FROM t_pembelian WHERE id=NEW.id_pembelian), NEW.exp_date, NEW.harga, NEW.qty, 1);
INSERT INTO t_mutasi VALUES (NULL,(SELECT no_transaksi FROM t_pembelian WHERE id = NEW.id_pembelian), (SELECT tgl_pembelian FROM t_pembelian WHERE id = NEW.id_pembelian), NEW.id_obat, NEW.id_supplier, NEW.batch, 'BY', NEW.qty, '', (SELECT total_qty FROM m_obat WHERE id=NEW.id_obat), (SELECT id_user FROM t_pembelian WHERE id=NEW.id_pembelian));
END
$$
DELIMITER ;

-- --------------------------------------------------------

--
-- Struktur dari tabel `t_detail_penjualan`
--

CREATE TABLE `t_detail_penjualan` (
  `id` int(11) NOT NULL,
  `id_penjualan` int(11) NOT NULL,
  `id_detail_obat` int(11) NOT NULL,
  `qty` int(6) NOT NULL,
  `harga` int(8) NOT NULL,
  `sub_total` int(11) NOT NULL
) ENGINE=InnoDB DEFAULT CHARSET=latin1;

--
-- Dumping data untuk tabel `t_detail_penjualan`
--

INSERT INTO `t_detail_penjualan` (`id`, `id_penjualan`, `id_detail_obat`, `qty`, `harga`, `sub_total`) VALUES
(7, 6, 7, 12, 8000, 96000),
(8, 6, 6, 2, 11000, 22000),
(18, 9, 6, 2, 11000, 22000),
(19, 9, 7, 3, 8000, 24000),
(20, 10, 7, 12, 8000, 96000),
(21, 10, 6, 2, 11000, 22000),
(25, 11, 5, 1, 6000, 6000),
(26, 11, 7, 1, 8000, 8000),
(27, 11, 6, 1, 11000, 11000),
(28, 4, 4, 10, 6000, 66000),
(29, 4, 5, 1, 6000, 66000),
(30, 4, 6, 10, 11000, 110000),
(31, 12, 6, 10, 11000, 110000),
(32, 13, 6, 10, 11000, 110000);

--
-- Trigger `t_detail_penjualan`
--
DELIMITER $$
CREATE TRIGGER `update_penjualan_after_insert` AFTER INSERT ON `t_detail_penjualan` FOR EACH ROW BEGIN
UPDATE t_penjualan SET total_qty = (SELECT SUM(qty) FROM t_detail_penjualan WHERE id_penjualan=NEW.id_penjualan), total_harga= (SELECT SUM(sub_total) FROM t_detail_penjualan WHERE id_penjualan=NEW.id_penjualan) WHERE id=NEW.id_penjualan;


INSERT INTO t_mutasi VALUES (NULL,(SELECT no_transaksi FROM t_penjualan WHERE id = NEW.id_penjualan), (SELECT tgl_penjualan FROM t_penjualan WHERE id = NEW.id_penjualan), (SELECT id_obat FROM m_detail_obat WHERE id = NEW.id_detail_obat), (SELECT id_supplier FROM m_detail_obat WHERE id = NEW.id_detail_obat), (SELECT batch FROM m_detail_obat WHERE id = NEW.id_detail_obat), 'SI', '', NEW.qty, (SELECT total_qty FROM m_obat WHERE id=(SELECT id_obat FROM m_detail_obat WHERE id = NEW.id_detail_obat)), (SELECT id_user FROM t_penjualan WHERE id=NEW.id_penjualan));
END
$$
DELIMITER ;

-- --------------------------------------------------------

--
-- Struktur dari tabel `t_detail_resep`
--

CREATE TABLE `t_detail_resep` (
  `id` int(11) NOT NULL,
  `id_resep` int(11) NOT NULL,
  `id_obat` int(11) NOT NULL,
  `qty` int(5) NOT NULL,
  `id_dosis` int(11) NOT NULL
) ENGINE=InnoDB DEFAULT CHARSET=latin1;

--
-- Dumping data untuk tabel `t_detail_resep`
--

INSERT INTO `t_detail_resep` (`id`, `id_resep`, `id_obat`, `qty`, `id_dosis`) VALUES
(1, 11, 3, 12, 4),
(2, 11, 2, 10, 4),
(3, 12, 3, 12, 4),
(4, 12, 2, 2, 4),
(5, 13, 2, 2, 5),
(6, 13, 3, 3, 1);

-- --------------------------------------------------------

--
-- Struktur dari tabel `t_detail_retur_keluar`
--

CREATE TABLE `t_detail_retur_keluar` (
  `id` int(11) NOT NULL,
  `id_retur` int(11) NOT NULL,
  `id_detail_obat` int(11) NOT NULL,
  `qty` int(5) NOT NULL,
  `keterangan` enum('RUSAK','EXP') NOT NULL
) ENGINE=InnoDB DEFAULT CHARSET=latin1;

--
-- Dumping data untuk tabel `t_detail_retur_keluar`
--

INSERT INTO `t_detail_retur_keluar` (`id`, `id_retur`, `id_detail_obat`, `qty`, `keterangan`) VALUES
(1, 1, 6, 10, 'EXP'),
(2, 2, 6, 8, 'RUSAK'),
(3, 2, 7, 7, 'EXP'),
(4, 3, 8, 12, 'EXP'),
(5, 4, 7, 12, 'EXP'),
(6, 5, 18, 2, 'RUSAK'),
(7, 5, 23, 6, 'EXP'),
(8, 6, 12, 10, 'EXP'),
(9, 6, 22, 7, 'RUSAK'),
(10, 6, 16, 8, 'EXP'),
(11, 6, 23, 5, 'RUSAK'),
(12, 6, 14, 2, 'RUSAK');

--
-- Trigger `t_detail_retur_keluar`
--
DELIMITER $$
CREATE TRIGGER `t_detail_retur_keluar_after_delete` AFTER DELETE ON `t_detail_retur_keluar` FOR EACH ROW BEGIN
DELETE FROM m_detail_obat WHERE id = OLD.id_detail_obat;
DELETE FROM t_mutasi WHERE no_transaksi=(SELECT no_transaksi FROM t_retur WHERE id = OLD.id_retur) AND id_detail_obat = OLD.id_detail_obat;
END
$$
DELIMITER ;
DELIMITER $$
CREATE TRIGGER `t_detail_retur_keluar_after_insert` AFTER INSERT ON `t_detail_retur_keluar` FOR EACH ROW BEGIN
INSERT INTO t_mutasi VALUES (NULL, (SELECT no_transaksi FROM t_retur WHERE id = NEW.id_retur), (SELECT tgl_retur FROM t_retur WHERE id = NEW.id_retur), (SELECT id_obat FROM m_detail_obat WHERE id=NEW.id_detail_obat), (SELECT id_supplier FROM m_detail_obat WHERE id=NEW.id_detail_obat), (SELECT batch FROM m_detail_obat WHERE id=NEW.id_detail_obat), 'RT', '', NEW.qty, (SELECT total_qty FROM m_obat WHERE id=(SELECT id_obat FROM m_detail_obat WHERE id = NEW.id_detail_obat)), (SELECT id_user FROM t_retur WHERE id=NEW.id_retur));
END
$$
DELIMITER ;

-- --------------------------------------------------------

--
-- Struktur dari tabel `t_detail_retur_masuk`
--

CREATE TABLE `t_detail_retur_masuk` (
  `id` int(11) NOT NULL,
  `id_retur` int(11) NOT NULL,
  `id_obat` int(11) NOT NULL,
  `id_supplier` int(11) NOT NULL,
  `batch` varchar(10) NOT NULL,
  `exp_date` date NOT NULL,
  `qty` int(5) NOT NULL,
  `harga` int(8) NOT NULL,
  `sub_total` int(11) NOT NULL
) ENGINE=InnoDB DEFAULT CHARSET=latin1;

--
-- Dumping data untuk tabel `t_detail_retur_masuk`
--

INSERT INTO `t_detail_retur_masuk` (`id`, `id_retur`, `id_obat`, `id_supplier`, `batch`, `exp_date`, `qty`, `harga`, `sub_total`) VALUES
(1, 1, 2, 1, 'mkli979', '2020-10-07', 10, 10500, 105000),
(2, 2, 2, 1, 'h8790', '2020-08-12', 8, 10500, 84000),
(3, 2, 3, 5, 'k906111', '2020-08-12', 7, 7450, 52150),
(4, 3, 3, 5, '12d211', '2020-08-20', 12, 7450, 89400),
(5, 4, 3, 5, '12aaaa', '2020-08-27', 12, 7450, 89400),
(6, 5, 3, 5, '12dd11', '2023-08-20', 2, 7450, 14900),
(7, 5, 4, 3, '120112', '2022-08-29', 6, 8650, 51900),
(8, 6, 1, 1, 'X21123', '2024-08-25', 10, 5400, 54000),
(9, 6, 5, 8, 'x819011', '2024-08-25', 7, 32000, 224000),
(10, 6, 3, 5, 'X910212', '2024-08-27', 8, 7450, 59600),
(11, 6, 4, 3, 'X761891', '2024-08-24', 5, 8650, 43250),
(12, 6, 2, 1, 'X251111', '2024-08-20', 2, 10500, 21000);

--
-- Trigger `t_detail_retur_masuk`
--
DELIMITER $$
CREATE TRIGGER `t_detail_retur_masuk_after_delete` AFTER DELETE ON `t_detail_retur_masuk` FOR EACH ROW BEGIN
DELETE FROM m_detail_obat WHERE id_obat = OLD.id_obat AND id_supplier = OLD.id_supplier AND batch= OLD.batch;
DELETE FROM t_mutasi WHERE no_transaksi=(SELECT no_transaksi FROM t_retur WHERE id = OLD.id_retur) AND id_obat = OLD.id_obat AND batch=OLD.batch;
END
$$
DELIMITER ;
DELIMITER $$
CREATE TRIGGER `t_detail_retur_masuk_after_insert` AFTER INSERT ON `t_detail_retur_masuk` FOR EACH ROW BEGIN
UPDATE t_retur SET total_qty = (SELECT SUM(qty) FROM t_detail_retur_masuk WHERE id_retur=NEW.id_retur), total_harga= (SELECT SUM(sub_total) FROM t_detail_retur_masuk WHERE id_retur=NEW.id_retur) WHERE id=NEW.id_retur;
INSERT INTO m_detail_obat VALUES (NULL,NEW.id_obat, NEW.id_supplier, NEW.batch, (SELECT tgl_retur FROM t_retur WHERE id=NEW.id_retur), NEW.exp_date, NEW.harga, NEW.qty, 1);
INSERT INTO t_mutasi VALUES (NULL,(SELECT no_transaksi FROM t_retur WHERE id = NEW.id_retur), (SELECT tgl_retur FROM t_retur WHERE id = NEW.id_retur), NEW.id_obat, NEW.id_supplier, NEW.batch, 'RT', NEW.qty, '', (SELECT total_qty FROM m_obat WHERE id=NEW.id_obat), (SELECT id_user FROM t_retur WHERE id=NEW.id_retur));
END
$$
DELIMITER ;

-- --------------------------------------------------------

--
-- Struktur dari tabel `t_mutasi`
--

CREATE TABLE `t_mutasi` (
  `id` int(11) NOT NULL,
  `no_transaksi` varchar(10) NOT NULL,
  `tgl_transaksi` date NOT NULL,
  `id_obat` int(11) NOT NULL,
  `id_supplier` int(11) NOT NULL DEFAULT '0',
  `batch` varchar(10) NOT NULL,
  `jenis` enum('SO','BY','SI','RT') NOT NULL,
  `masuk` int(11) DEFAULT NULL,
  `keluar` int(11) DEFAULT NULL,
  `stok` int(11) NOT NULL,
  `id_user` int(11) NOT NULL
) ENGINE=InnoDB DEFAULT CHARSET=latin1;

--
-- Dumping data untuk tabel `t_mutasi`
--

INSERT INTO `t_mutasi` (`id`, `no_transaksi`, `tgl_transaksi`, `id_obat`, `id_supplier`, `batch`, `jenis`, `masuk`, `keluar`, `stok`, `id_user`) VALUES
(40, 'TXB0000015', '2020-07-16', 1, 1, 'G129100', 'BY', 10, 0, 10, 2),
(41, 'TXB0000015', '2020-07-16', 1, 1, 'G129101', 'BY', 100, 0, 110, 2),
(42, 'TXB0000015', '2020-07-16', 2, 1, 'G129200', 'BY', 100, 0, 100, 2),
(43, 'TXB0000015', '2020-07-16', 3, 5, 'G129300', 'BY', 100, 0, 100, 2),
(44, 'TXB0000015', '2020-07-16', 3, 5, 'G129301', 'BY', 50, 0, 150, 2),
(45, 'TXJ0000004', '2020-07-21', 1, 1, 'G129100', 'SO', 0, 10, 110, 2),
(46, 'TXJ0000004', '2020-07-21', 1, 1, 'G129101', 'SO', 0, 1, 100, 2),
(47, 'TXJ0000004', '2020-07-21', 2, 1, 'G129200', 'SO', 0, 10, 100, 2),
(48, 'TXJ0000006', '2020-07-25', 3, 5, 'G129300', 'SI', 0, 12, 150, 2),
(49, 'TXJ0000006', '2020-07-25', 2, 1, 'G129200', 'SI', 0, 2, 90, 2),
(50, 'TXJ0000004', '2020-07-21', 1, 1, 'G129100', 'SI', 0, 10, 110, 2),
(51, 'TXJ0000004', '2020-07-21', 1, 1, 'G129101', 'SI', 0, 1, 100, 2),
(52, 'TXJ0000004', '2020-07-21', 2, 1, 'G129200', 'SI', 0, 10, 98, 2),
(53, 'TXJ0000004', '2020-07-21', 1, 1, 'G129100', 'SI', 0, 10, 110, 2),
(54, 'TXJ0000004', '2020-07-21', 1, 1, 'G129101', 'SI', 0, 1, 100, 2),
(55, 'TXJ0000004', '2020-07-21', 2, 1, 'G129200', 'SI', 0, 10, 98, 2),
(59, 'TXJ0000009', '2020-07-30', 2, 1, 'G129200', 'SI', 0, 2, 84, 2),
(60, 'TXJ0000009', '2020-07-30', 3, 5, 'G129300', 'SI', 0, 3, 135, 2),
(61, 'TXJ0000010', '2020-07-30', 3, 5, 'G129300', 'SI', 0, 12, 132, 2),
(62, 'TXJ0000010', '2020-07-30', 2, 1, 'G129200', 'SI', 0, 2, 82, 2),
(63, 'TXJ0000011', '2020-07-30', 1, 1, 'G129101', 'SO', 0, 2, 99, 2),
(64, 'TXJ0000011', '2020-07-30', 2, 1, 'G129200', 'SO', 0, 2, 80, 2),
(65, 'TXJ0000011', '2020-07-30', 3, 5, 'G129300', 'SO', 0, 2, 120, 2),
(66, 'TXJ0000011', '2020-07-30', 1, 1, 'G129101', 'SI', 0, 1, 99, 2),
(67, 'TXJ0000011', '2020-07-30', 3, 5, 'G129300', 'SI', 0, 1, 120, 2),
(68, 'TXJ0000011', '2020-07-30', 2, 1, 'G129200', 'SI', 0, 1, 80, 2),
(69, 'TXJ0000004', '2020-07-21', 1, 1, 'G129100', 'SI', 0, 10, 109, 2),
(70, 'TXJ0000004', '2020-07-21', 1, 1, 'G129101', 'SI', 0, 1, 99, 2),
(71, 'TXJ0000004', '2020-07-21', 2, 1, 'G129200', 'SI', 0, 10, 89, 2),
(72, 'TXJ0000012', '2020-08-07', 2, 1, 'G129200', 'SO', 0, 10, 79, 2),
(73, 'TXJ0000013', '2020-08-07', 2, 1, 'G129200', 'SO', 0, 10, 69, 2),
(74, 'RTR0000017', '2020-08-09', 1, 1, 'G129101', 'RT', 0, 10, 98, 2),
(75, 'RTR0000017', '2020-08-09', 1, 1, 'jshadj989', 'RT', 10, 0, 108, 2),
(76, 'RTR0000018', '2020-08-09', 1, 1, 'G129101', 'RT', 0, 10, 118, 2),
(77, 'RTR0000018', '2020-08-09', 1, 1, 'kjsdfhkj78', 'RT', 10, 0, 128, 2),
(78, 'RTR0000001', '2020-08-10', 1, 1, 'G129101', 'RT', 0, 10, 138, 2),
(79, 'RTR0000001', '2020-08-10', 1, 1, 'dfhg76', 'RT', 10, 0, 148, 2),
(80, 'RTR0000001', '2020-08-11', 1, 1, 'G129101', 'RT', 0, 10, 138, 2),
(81, 'RTR0000001', '2020-08-11', 1, 1, 'hjf6776', 'RT', 10, 0, 148, 2),
(82, 'RTR0000001', '2020-08-11', 2, 1, 'G129200', 'RT', 0, 10, 59, 2),
(83, 'RTR0000001', '2020-08-11', 2, 1, 'abcd123', 'RT', 10, 0, 69, 2),
(84, 'RTR0000001', '2020-08-11', 2, 1, 'G129200', 'RT', 0, 10, 69, 2),
(85, 'RTR0000001', '2020-08-11', 2, 1, 'mkli979', 'RT', 10, 0, 79, 2),
(86, 'RTR0000002', '2020-08-11', 2, 1, 'G129200', 'RT', 0, 8, 89, 2),
(87, 'RTR0000002', '2020-08-11', 2, 1, 'h8790', 'RT', 8, 0, 97, 2),
(88, 'RTR0000002', '2020-08-11', 3, 5, 'G129300', 'RT', 0, 7, 119, 2),
(89, 'RTR0000002', '2020-08-11', 3, 5, 'k906111', 'RT', 7, 0, 126, 2),
(90, 'RTR0000003', '2020-08-11', 3, 5, 'G129301', 'RT', 0, 12, 126, 2),
(91, 'RTR0000003', '2020-08-11', 3, 5, '12d211', 'RT', 12, 0, 138, 2),
(92, 'RTR0000004', '2020-08-19', 3, 5, 'G129300', 'RT', 0, 12, 138, 1),
(93, 'RTR0000004', '2020-08-19', 3, 5, '12aaaa', 'RT', 12, 0, 150, 1),
(97, 'TXB0000017', '2020-08-19', 5, 8, 'G124402', 'BY', 300, 0, 300, 1),
(98, 'TXB0000016', '2020-08-19', 4, 3, 'G127102', 'BY', 500, 0, 500, 1),
(99, 'RTR0000005', '2020-08-20', 3, 5, '12aaaa', 'RT', 0, 2, 150, 1),
(100, 'RTR0000005', '2020-08-20', 3, 5, '12dd11', 'RT', 2, 0, 152, 1),
(101, 'RTR0000005', '2020-08-20', 4, 3, 'G127102', 'RT', 0, 6, 500, 1),
(102, 'RTR0000005', '2020-08-20', 4, 3, '120112', 'RT', 6, 0, 506, 1),
(103, 'RTR0000006', '2020-08-24', 1, 1, 'hjf6776', 'RT', 0, 10, 158, 1),
(104, 'RTR0000006', '2020-08-24', 1, 1, 'X21123', 'RT', 10, 0, 168, 1),
(105, 'RTR0000006', '2020-08-24', 5, 8, 'G124402', 'RT', 0, 7, 300, 1),
(106, 'RTR0000006', '2020-08-24', 5, 8, 'x819011', 'RT', 7, 0, 307, 1),
(107, 'RTR0000006', '2020-08-24', 3, 5, 'k906111', 'RT', 0, 8, 152, 1),
(108, 'RTR0000006', '2020-08-24', 3, 5, 'X910212', 'RT', 8, 0, 160, 1),
(109, 'RTR0000006', '2020-08-24', 4, 3, 'G127102', 'RT', 0, 5, 506, 1),
(110, 'RTR0000006', '2020-08-24', 4, 3, 'X761891', 'RT', 5, 0, 511, 1),
(111, 'RTR0000006', '2020-08-24', 2, 1, 'mkli979', 'RT', 0, 2, 97, 1),
(112, 'RTR0000006', '2020-08-24', 2, 1, 'X251111', 'RT', 2, 0, 99, 1),
(113, 'TXB0000018', '2020-08-28', 5, 2, 'G129109', 'BY', 100, 0, 407, 1);

-- --------------------------------------------------------

--
-- Struktur dari tabel `t_pembelian`
--

CREATE TABLE `t_pembelian` (
  `id` int(11) NOT NULL,
  `no_transaksi` varchar(10) NOT NULL,
  `tgl_pembelian` date NOT NULL,
  `total_qty` int(8) NOT NULL,
  `total_harga` int(11) NOT NULL,
  `bukti_pembelian` varchar(20) DEFAULT NULL,
  `id_user` int(11) NOT NULL
) ENGINE=InnoDB DEFAULT CHARSET=latin1;

--
-- Dumping data untuk tabel `t_pembelian`
--

INSERT INTO `t_pembelian` (`id`, `no_transaksi`, `tgl_pembelian`, `total_qty`, `total_harga`, `bukti_pembelian`, `id_user`) VALUES
(15, 'TXB0000015', '2020-07-16', 360, 2760500, 'img_TXB0000015.png', 2),
(16, 'TXB0000016', '2020-08-19', 500, 4325000, 'Error', 1),
(17, 'TXB0000017', '2020-08-19', 300, 9600000, 'img_TXB0000017.png', 1),
(18, 'TXB0000018', '2020-08-28', 100, 180000, 'img_TXB0000018.png', 1);

-- --------------------------------------------------------

--
-- Struktur dari tabel `t_penjualan`
--

CREATE TABLE `t_penjualan` (
  `id` int(11) NOT NULL,
  `no_transaksi` varchar(10) NOT NULL,
  `tgl_penjualan` date NOT NULL,
  `id_resep` int(11) DEFAULT NULL,
  `total_qty` int(8) DEFAULT NULL,
  `total_harga` int(11) DEFAULT NULL,
  `id_user` int(11) NOT NULL
) ENGINE=InnoDB DEFAULT CHARSET=latin1;

--
-- Dumping data untuk tabel `t_penjualan`
--

INSERT INTO `t_penjualan` (`id`, `no_transaksi`, `tgl_penjualan`, `id_resep`, `total_qty`, `total_harga`, `id_user`) VALUES
(4, 'TXJ0000004', '2020-07-21', NULL, 21, 242000, 1),
(6, 'TXJ0000006', '2020-07-25', 12, 14, 118000, 2),
(9, 'TXJ0000009', '2020-07-30', 13, 5, 46000, 2),
(10, 'TXJ0000010', '2020-07-30', 12, 14, 118000, 2),
(11, 'TXJ0000011', '2020-07-30', NULL, 3, 25000, 1),
(13, 'TXJ0000013', '2020-08-07', NULL, 10, 110000, 2);

-- --------------------------------------------------------

--
-- Struktur dari tabel `t_resep`
--

CREATE TABLE `t_resep` (
  `id` int(11) NOT NULL,
  `no_resep` varchar(10) NOT NULL,
  `tgl_resep` date NOT NULL,
  `id_pasien` int(11) NOT NULL,
  `id_user` int(11) NOT NULL,
  `status` tinyint(4) NOT NULL DEFAULT '1'
) ENGINE=InnoDB DEFAULT CHARSET=latin1;

--
-- Dumping data untuk tabel `t_resep`
--

INSERT INTO `t_resep` (`id`, `no_resep`, `tgl_resep`, `id_pasien`, `id_user`, `status`) VALUES
(11, 'RSP000011', '2020-07-25', 4, 2, 0),
(12, 'RSP000012', '2020-07-25', 8, 2, 0),
(13, 'RSP000013', '2020-07-30', 7, 2, 0);

-- --------------------------------------------------------

--
-- Struktur dari tabel `t_retur`
--

CREATE TABLE `t_retur` (
  `id` int(11) NOT NULL,
  `no_transaksi` varchar(10) NOT NULL,
  `tgl_retur` date NOT NULL,
  `total_qty` int(8) NOT NULL,
  `total_harga` bigint(13) NOT NULL,
  `bukti_retur` varchar(50) NOT NULL,
  `id_user` int(11) NOT NULL
) ENGINE=InnoDB DEFAULT CHARSET=latin1;

--
-- Dumping data untuk tabel `t_retur`
--

INSERT INTO `t_retur` (`id`, `no_transaksi`, `tgl_retur`, `total_qty`, `total_harga`, `bukti_retur`, `id_user`) VALUES
(1, 'RTR0000001', '2020-08-11', 10, 105000, 'Error', 2),
(2, 'RTR0000002', '2020-08-11', 15, 136150, 'Error', 2),
(3, 'RTR0000003', '2020-08-11', 12, 89400, 'Error', 2),
(4, 'RTR0000004', '2020-08-19', 12, 89400, 'Error', 1),
(5, 'RTR0000005', '2020-08-20', 8, 66800, 'img_RTR0000005.jpeg', 1),
(6, 'RTR0000006', '2020-08-24', 32, 401850, 'img_RTR0000006.jpeg', 1);

--
-- Indexes for dumped tables
--

--
-- Indeks untuk tabel `m_detail_obat`
--
ALTER TABLE `m_detail_obat`
  ADD PRIMARY KEY (`id`),
  ADD KEY `id_supplier` (`id_supplier`),
  ADD KEY `id_obat` (`id_obat`) USING BTREE;

--
-- Indeks untuk tabel `m_dosis`
--
ALTER TABLE `m_dosis`
  ADD PRIMARY KEY (`id`);

--
-- Indeks untuk tabel `m_jabatan`
--
ALTER TABLE `m_jabatan`
  ADD PRIMARY KEY (`id`);

--
-- Indeks untuk tabel `m_obat`
--
ALTER TABLE `m_obat`
  ADD PRIMARY KEY (`id`);

--
-- Indeks untuk tabel `m_pasien`
--
ALTER TABLE `m_pasien`
  ADD PRIMARY KEY (`id`),
  ADD UNIQUE KEY `no_pasien` (`no_pasien`);

--
-- Indeks untuk tabel `m_supplier`
--
ALTER TABLE `m_supplier`
  ADD PRIMARY KEY (`id`);

--
-- Indeks untuk tabel `m_user`
--
ALTER TABLE `m_user`
  ADD PRIMARY KEY (`id`),
  ADD UNIQUE KEY `username` (`username`),
  ADD UNIQUE KEY `kode_user` (`kode_user`),
  ADD KEY `id_jabatan` (`id_jabatan`);

--
-- Indeks untuk tabel `t_detail_pembelian`
--
ALTER TABLE `t_detail_pembelian`
  ADD PRIMARY KEY (`id`),
  ADD KEY `id_pembelian_obat` (`id_pembelian`),
  ADD KEY `id_obat` (`id_obat`),
  ADD KEY `id_supplier` (`id_supplier`);

--
-- Indeks untuk tabel `t_detail_penjualan`
--
ALTER TABLE `t_detail_penjualan`
  ADD PRIMARY KEY (`id`),
  ADD KEY `id_penjualan` (`id_penjualan`),
  ADD KEY `id_detail_obat` (`id_detail_obat`);

--
-- Indeks untuk tabel `t_detail_resep`
--
ALTER TABLE `t_detail_resep`
  ADD PRIMARY KEY (`id`),
  ADD KEY `id_resep` (`id_resep`),
  ADD KEY `id_obat` (`id_obat`),
  ADD KEY `id_dosis` (`id_dosis`);

--
-- Indeks untuk tabel `t_detail_retur_keluar`
--
ALTER TABLE `t_detail_retur_keluar`
  ADD PRIMARY KEY (`id`),
  ADD KEY `id_retur` (`id_retur`) USING BTREE,
  ADD KEY `id_detail_obat` (`id_detail_obat`) USING BTREE;

--
-- Indeks untuk tabel `t_detail_retur_masuk`
--
ALTER TABLE `t_detail_retur_masuk`
  ADD PRIMARY KEY (`id`),
  ADD KEY `id_pembelian_obat` (`id_retur`),
  ADD KEY `id_obat` (`id_obat`),
  ADD KEY `id_supplier` (`id_supplier`);

--
-- Indeks untuk tabel `t_mutasi`
--
ALTER TABLE `t_mutasi`
  ADD PRIMARY KEY (`id`),
  ADD KEY `no_transaksi` (`no_transaksi`);

--
-- Indeks untuk tabel `t_pembelian`
--
ALTER TABLE `t_pembelian`
  ADD PRIMARY KEY (`id`),
  ADD UNIQUE KEY `no_transaksi` (`no_transaksi`),
  ADD KEY `id_user` (`id_user`);

--
-- Indeks untuk tabel `t_penjualan`
--
ALTER TABLE `t_penjualan`
  ADD PRIMARY KEY (`id`),
  ADD UNIQUE KEY `no_transaksi` (`no_transaksi`),
  ADD KEY `id_user` (`id_user`);

--
-- Indeks untuk tabel `t_resep`
--
ALTER TABLE `t_resep`
  ADD PRIMARY KEY (`id`),
  ADD KEY `id_pasien` (`id_pasien`),
  ADD KEY `id_user` (`id_user`);

--
-- Indeks untuk tabel `t_retur`
--
ALTER TABLE `t_retur`
  ADD PRIMARY KEY (`id`),
  ADD KEY `id_user` (`id_user`);

--
-- AUTO_INCREMENT untuk tabel yang dibuang
--

--
-- AUTO_INCREMENT untuk tabel `m_detail_obat`
--
ALTER TABLE `m_detail_obat`
  MODIFY `id` int(11) NOT NULL AUTO_INCREMENT, AUTO_INCREMENT=32;

--
-- AUTO_INCREMENT untuk tabel `m_dosis`
--
ALTER TABLE `m_dosis`
  MODIFY `id` int(11) NOT NULL AUTO_INCREMENT, AUTO_INCREMENT=7;

--
-- AUTO_INCREMENT untuk tabel `m_jabatan`
--
ALTER TABLE `m_jabatan`
  MODIFY `id` int(11) NOT NULL AUTO_INCREMENT, AUTO_INCREMENT=4;

--
-- AUTO_INCREMENT untuk tabel `m_obat`
--
ALTER TABLE `m_obat`
  MODIFY `id` int(11) NOT NULL AUTO_INCREMENT, AUTO_INCREMENT=1443;

--
-- AUTO_INCREMENT untuk tabel `m_pasien`
--
ALTER TABLE `m_pasien`
  MODIFY `id` int(11) NOT NULL AUTO_INCREMENT, AUTO_INCREMENT=9;

--
-- AUTO_INCREMENT untuk tabel `m_supplier`
--
ALTER TABLE `m_supplier`
  MODIFY `id` int(11) NOT NULL AUTO_INCREMENT, AUTO_INCREMENT=24;

--
-- AUTO_INCREMENT untuk tabel `m_user`
--
ALTER TABLE `m_user`
  MODIFY `id` int(11) NOT NULL AUTO_INCREMENT, AUTO_INCREMENT=15;

--
-- AUTO_INCREMENT untuk tabel `t_detail_pembelian`
--
ALTER TABLE `t_detail_pembelian`
  MODIFY `id` int(11) NOT NULL AUTO_INCREMENT, AUTO_INCREMENT=16;

--
-- AUTO_INCREMENT untuk tabel `t_detail_penjualan`
--
ALTER TABLE `t_detail_penjualan`
  MODIFY `id` int(11) NOT NULL AUTO_INCREMENT, AUTO_INCREMENT=33;

--
-- AUTO_INCREMENT untuk tabel `t_detail_resep`
--
ALTER TABLE `t_detail_resep`
  MODIFY `id` int(11) NOT NULL AUTO_INCREMENT, AUTO_INCREMENT=7;

--
-- AUTO_INCREMENT untuk tabel `t_detail_retur_keluar`
--
ALTER TABLE `t_detail_retur_keluar`
  MODIFY `id` int(11) NOT NULL AUTO_INCREMENT, AUTO_INCREMENT=13;

--
-- AUTO_INCREMENT untuk tabel `t_detail_retur_masuk`
--
ALTER TABLE `t_detail_retur_masuk`
  MODIFY `id` int(11) NOT NULL AUTO_INCREMENT, AUTO_INCREMENT=13;

--
-- AUTO_INCREMENT untuk tabel `t_mutasi`
--
ALTER TABLE `t_mutasi`
  MODIFY `id` int(11) NOT NULL AUTO_INCREMENT, AUTO_INCREMENT=114;

--
-- AUTO_INCREMENT untuk tabel `t_pembelian`
--
ALTER TABLE `t_pembelian`
  MODIFY `id` int(11) NOT NULL AUTO_INCREMENT, AUTO_INCREMENT=19;

--
-- AUTO_INCREMENT untuk tabel `t_penjualan`
--
ALTER TABLE `t_penjualan`
  MODIFY `id` int(11) NOT NULL AUTO_INCREMENT, AUTO_INCREMENT=14;

--
-- AUTO_INCREMENT untuk tabel `t_resep`
--
ALTER TABLE `t_resep`
  MODIFY `id` int(11) NOT NULL AUTO_INCREMENT, AUTO_INCREMENT=14;

--
-- AUTO_INCREMENT untuk tabel `t_retur`
--
ALTER TABLE `t_retur`
  MODIFY `id` int(11) NOT NULL AUTO_INCREMENT, AUTO_INCREMENT=7;
COMMIT;

/*!40101 SET CHARACTER_SET_CLIENT=@OLD_CHARACTER_SET_CLIENT */;
/*!40101 SET CHARACTER_SET_RESULTS=@OLD_CHARACTER_SET_RESULTS */;
/*!40101 SET COLLATION_CONNECTION=@OLD_COLLATION_CONNECTION */;
